"title","author","year_pub","provider","country","crop","uri"
"Dataset for: Advanced clones of group B3 cycle 3, population B with late blight resistance in Oxapampa, 2014","Gastelo, Manuel",2019,"CIP","PER","potato","https://doi.org/10.21223/P3/FFORMJ"
"N2Africa agronomy trials harvest - UGA, 2016, I","Vanlauwe, Bernard",2020,"IITA","UGA","Groundnut, Soybean, Common beans","https://doi.org/10.25502/2788-9j45"
"Crop performance and nitrogen use-efficiency in maize under conservation agriculture coupled with sub-surface drip fertigation","Kiranmoy, Patra",2022,"CIMMYT","IND","maize","hdl:11529/10548767"
"Grain Yield Performance of Selected Lowland NERICA and Modern Asian Rice Genotypes in West Africa","K. Saito (Africa Rice Center (WARDA), 01 BP 2031, Cotonou, BEN); Azoma (frica Rice Center (WARDA), 01 BP 2031, Cotonou, BEN); M. SiÃ© (Rice Center (WARDA), 01 BP 2031, Cotonou, BEN)",2012,"AfricaRice","BEN",NA,"https://doi.org/10.7910/DVN/1MFGTJ"
"ETH Africa Research in Sustainable Intensification for the Next Generation (Africa RISING) Baseline Evaluation Survey","International Food Policy Research Institute (IFPRI)",2016,"IFPRI","ETH",NA,"https://doi.org/10.7910/DVN/H6RWOO"
"Agronomic management of Rice blast datasets","Auzoux, Sandrine",2019,"CIRAD","Madagascar, Antananarivo, Antsirabe, rÃ©gion Vakinankaratra","Rice","https://doi.org/10.18167/DVN1/Y5HADO"
"Dataset for: At least 20 advanced clones from LBHTxLTVR population with resistance to late blight, virus, heat and drought tolerance, high tuber yield and quality for french fries and/or chips and earliness","Gastelo, Manuel",2020,"CIP","PER","potato","https://doi.org/10.21223/7WC7FM"
"Dataset for: Genomic selection for resistance to LB in population LBHTC2 Intermediate Trials","Gastelo, Manuel",2021,"CIP","PER","potato","https://doi.org/10.21223/B7HWWH"
"Africa Soil Information System - Phase 1, Pampaida","Huising, Jeroen",2018,"IITA","NGA","","https://doi.org/10.25502/20180814/1415/HJ"
"Dataset for: Potential new bio-fortified potato varieties high in iron and zinc to contribute to food and nutrition security in Huancavelica, Peru (Organoleptic data)","Salas, Elisa",2020,"CIP","PER","potato","https://doi.org/10.21223/0NWTUD"
"Replication Data for: Nonlinear heat effects on African Maize as evidenced by historical yield trials","Lobell, David B.",2019,"CIMMYT","AGO, Botswana, Congo, Eritrea, ETH, KEN, Lesotho, MWI, MOZ, Namibia, South Africa, Swaziland, TZN, United Republic of, UGA, Congo, the Democratic Republic of the, ZMB, ZWE","Maize","hdl:11529/10548190"
"Dataset for: Potato Trials Abiotic Stress 092017 UNICA","Salas, Elisa",2020,"CIP","PER","potato","https://doi.org/10.21223/FEDQQN"
"Long-term fertility experiments for irrigated Rice in the West African Sahel: agronomic results","Haefele, S.M. (West Africa Rice Development Association (WARDA), BP 96, St. Louis, SEN); Wopereis, M.C.S. (West Africa Rice Development Association (WARDA), 01 BouakeÂ´, BP 2551, Cote dâ€™Ivoire); Wiechmann, H. (Soil Science Department of Hamburg University, Allendeplatz 2, 20148 Hamburg, Germany)",2012,"AfricaRice","SEN","","https://doi.org/10.7910/DVN/U1XLZU"
"Dataset for: Breeding for resistance to late blight - LBHTC2 population- Phenotypic and Genomic Selection","Gastelo, Manuel",2020,"CIP","PER","potato","https://doi.org/10.21223/GCJRH6"
"Phenotypic data of inbreds evaluated under Low N conditions in 2017","Badu-Apraku, Baffour",2021,"IITA","GHA","Maize","doi.org/10.25502/y1kz-yf32/d"
"Dataset for: Selection and evaluation of at least ten advanced clones of the LBHT x LTVR population with low glycoalkaloid content in contrasting environments, with high resistance to late blight, high tuber yield, heat tolerance and adapted to mid and highlands in Huancayo","Gastelo, Manuel",2021,"CIP","PER","potato","https://doi.org/10.21223/HDAREL"
"Dataset for: Adaptation and Efficiency Trials (CIP396026.101) - Season II","Gastelo, Manuel",2021,"CIP","PER","potato","https://doi.org/10.21223/GQUPBQ"
"Dataset for: Evaluation of abiotic stress tolerance using multispectral aerial images in advance potatoes clones of the lowland tropic virus resistant population (LTVR - Cycle 7) under normal irrigation (NI) and deficit irrigation (DI) in Majes - Peru","Salas, Elisa",2023,"CIP","PER","potato","https://doi.org/10.21223/OZJC0V"
"N2Africa agronomy trials harvest - UGA, 2016, II","Vanlauwe, Bernard",2020,"International Institue of Tropical Agriculture (IITA)","UGA","Groundnut, Soybean, Common beans","https://doi.org/10.25502/9kj5-mb56"
"N2Africa agronomy trials harvest - UGA, 2016, I","Vanlauwe, Bernard",2020,"International Institue of Tropical Agriculture (IITA)","UGA","Groundnut, Soybean, Common beans","https://doi.org/10.25502/2788-9j45"
"Dataset for: Stability analysis for nutritional contents (minerals) on 40 native potato cultivars","Salas, Elisa",2017,"CIP","PER","potato","https://doi.org/10.21223/P3/SVHUCG"
"Dataset for: Advanced clones of group B3 cycle 3, population B with late blight resistance in Oxapampa, 2012","Gastelo, Manuel",2019,"CIP","PER","potato","https://doi.org/10.21223/P3/OTYRIV"
"Africa RISING-Effects of P-Fertilizer Rates on Groundnut Yield in Northern GHA","IITA; Ministry of Food and Agriculture (MOFA), Republic of GHA; Savanna Agricultural Research Institute (SARI)",2015,"IFPRI","GHA","","https://doi.org/10.7910/DVN/MY0ATH"
"N2Africa Baseline Survey - Ethiopia, 2014","Vanlauwe, B., et.al",2020,"IITA","Ethiopia","common bean, soybean, groundnut, cowpea","https://doi.org/10.25502/a1qc-3b87/d"
"Gliricidia impacts on soil fertility, crop yields and nutrition in ZMB","Chikoye, David",2021,"IITA","ZMB","Maize, Soybean","https://doi.org/10.25502/0fa9-dm27/d"
"Dataset for: Genetic gains in the content of 'Vitamin C” in diploid potato for three cycles recurrent selection","Amoros, Walter",2020,"CIP","PER","potato","https://doi.org/10.21223/P3/G4MWZN"
"N2Africa MLE data, 2018","Vanlauwe, B., et.al",2020,"IITA","Ghana, Nigeria, Tanzania, Ethiopia","common bean, soybean, groundnut, cowpea","https://doi.org/10.25502/dt06-7a71"
"N2Africa agronomy trials - Uganda, 2016, II","Vanlauwe, B., et.al",2020,"IITA","Uganda","common bean, soybean, groundnut, cowpea","https://doi.org/10.25502/ec86-2t29"
"N2Africa diagnostic trial - Northern Tanzania, 2014, Season II","Vanlauwe, B., et.al",2020,"IITA","Tanzania","common bean, soybean, groundnut, cowpea","https://doi.org/10.25502/f46k-yh57"
"6.2- Rabi (winter) crops-all nodes- Validation trials -Rangpur-BGD","Gathala, Mahesh K.",2018,"CIMMYT","BGD, Rangpur","Wheat, Maize","https://hdl.handle.net/11529/10548008"
"Dataset for: Potential new bio-fortified potato varieties high in iron and zinc to contribute to food and nutrition security in La Libertad, Peru","Salas, Elisa",2020,"CIP","PER","potato","https://doi.org/10.21223/HRLAI0"
"Replication Data for: Identification of Elite Potato Clones with Resistance to Late Blight Through Participatory Varietal Selection in Peru","Gastelo, Manuel",2021,"CIP","PER","potato","https://doi.org/10.21223/E1GOGT"
"Data set for: Assessment of at least 50 lines from LBHT x LTVR population to develop high yielding clones under late blight","Mendes, Thiago",2019,"CIP","ETH","potato","https://doi.org/10.21223/WRPMJI"
"International Late White Hybrid Trial - ILWH0607","Global Maize Program",2018,"CIMMYT","MEX, GHA","Maize","https://hdl.handle.net/11529/10554"
"GHA Africa Research in Sustainable Intensification for the Next Generation (Africa RISING) Baseline Evaluation Survey","International Food Policy Research Institute (IFPRI)",2015,"IFPRI","GHA","","https://doi.org/10.7910/DVN/QUB9UT"
"Long-term fertility experiments for irrigated Rice in the West African Sahel: agronomic results","Haefele, S.M. (West Africa Rice Development Association (WARDA), BP 96, St. Louis, SEN); Wopereis, M.C.S. (West Africa Rice Development Association (WARDA), 01 BouakeÂ´, BP 2551, Cote dâ€™Ivoire); Wiechmann, H. (Soil Science Department of Hamburg University, Allendeplatz 2, 20148 Hamburg, Germany)",2012,"AfricaRice","SEN",NA,"https://doi.org/10.7910/DVN/U1XLZU"
"Dataset for: Preliminary yield trial, wide adapted population with 3 locations","Gruneberg, Wolfgang",2022,"CIP","PER","sweetpotato","https://doi.org/10.21223/OEAXZB"
"N2Africa diagnostic trial - Eastern Uganda, 2014, Season II","Vanlauwe, B., et.al",2020,"IITA","Uganda","common bean, soybean, groundnut, cowpea","https://doi.org/10.25502/tnn1-sp31"
"Dataset for: Preliminary yield trial, low sugar population with 3 locations","Gruneberg, Wolfgang",2022,"CIP","PER","sweetpotato","https://doi.org/10.21223/JMJEFT"
"Fertilizer Study Gender Babati","IITA",2014,"IFPRI","TZA","","https://doi.org/10.7910/DVN/74QMCD"
"Dataset for: Potential new bio-fortified potato varieties high in iron and zinc to contribute to food and nutrition security in Apurimac, Peru","Salas, Elisa",2020,"CIP","PER","potato","https://doi.org/10.21223/DTSA6Y"
"Dataset for: Potential new bio-fortified potato varieties high in iron and zinc to contribute to food and nutrition security in Cusco, Peru (Organoleptic data)","Salas, Elisa",2020,"CIP","PER","potato","https://doi.org/10.21223/34YNOG"
"Dataset for: Phenotypic stability of potato tuber yield components under climate change conditions in advanced clones from population B3C3 in Huancayo","Gastelo, Manuel",2021,"CIP","PER","potato","https://doi.org/10.21223/V7ZQD4"
"N2Africa focal adapt trial - Uganda, 2015, season I climbing bean","Vanlauwe, B., et.al",2020,"IITA","Uganda","common bean, soybean, groundnut, cowpea","https://doi.org/10.25502/s5zv-p584"
"Promoting Sustainable Intensification Through Efficient Application of Different Sources of Phosphorus (Minjingu Granular, Minjingu Mazao, DAP and TSP) (CIAT)","International Center for Tropical Agriculture (CIAT); Selian Agricultural Research Institute (SARI)",2017,"IFPRI","TZA",NA,"https://doi.org/10.7910/DVN/G2CSNP"
"N2Africa farm monitoring - Tanzania, 2013","Vanlauwe, B., et.al",2020,"IITA","Tanzania","common bean, soybean, groundnut, cowpea","https://doi.org/10.25502/0hmc-dp39"
"Dataset for: yield and stability advanced trial for late blight and heat tolerant (LBHT) potato population conducted in San Ramón, Peru","Kante, Moctar",2022,"CIP","PER","potato","https://doi.org/10.21223/BMWFX2"
"N2Africa farm monitoring - Mozambique, 2011 - 2012","Vanlauwe, B., et.al",2020,"IITA","Mozambique","common bean, soybean, groundnut, cowpea","https://doi.org/10.25502/jhrj-9423"
"Scaling-up sustainable cropping practices: ""Zia"" and ""Micro-dosing""","International Institute of Tropical Agriculture (International Institue of Tropical Agriculture (IITA)); Savanna Agricultural Research Institute (SARI)",2015,"IFPRI","GHA",NA,"https://doi.org/10.7910/DVN/J6BHT8"
"Dataset for: Potential new bio-fortified potato varieties high in iron and zinc to contribute to food and nutrition security in Cajamarca, Peru (Organoleptic data)","Salas, Elisa",2020,"CIP","PER","potato","https://doi.org/10.21223/QEXRNA"
"Africa RISING TZN- Maize Intensification Using Fertilizer","World Agroforestry Center (ICRAF); Sokoine University of Agriculture (SUA)",2016,"IFPRI","TZA","","https://doi.org/10.7910/DVN/6YPPQO"
"Long-term conservation agriculture helps in the reclamation of sodic soils in major agri-food systems","Hanuman, Jat",2022,"CIMMYT","IND",NA,"hdl:11529/10548759"
"N2Africa Baseline Survey 2 - Liberia, 2012","Vanlauwe, B., et.al",2020,"IITA","Liberia","common bean, soybean, groundnut, cowpea","https://doi.org/10.25502/4nq1-kv83/d"
"TZN Africa Research in Sustainable Intensification for the Next Generation (Africa RISING) Baseline Evaluation Survey","International Food Policy Research Institute (IFPRI)",2015,"IFPRI","TZA",NA,"https://doi.org/10.7910/DVN/PPUL2W"
"Dataset for: Releasing at least one new potato variety in the highlands of Peru, focusing on quality for French fries and high level of resistance to late blight using participatory varietal selection during period from 2019-2020 in Majes","Gastelo, Manuel",2021,"CIP","PER","potato","https://doi.org/10.21223/XPF4C8"
"Dataset for: Advanced clones of group LBHT cycle 1, population B (LBHT) in San Ramon-Peru","Gastelo, Manuel",2016,"CIP","PER","potato","https://doi.org/10.21223/P3/IO6NAV"
"Dataset for: Releasing at least one new potato variety in the highlands of Peru, focusing on quality for French fries and high level of resistance to late blight using participatory varietal selection during period from 2019-2020 in Huanuco and Huancayo","Gastelo, Manuel",2021,"CIP","PER","potato","https://doi.org/10.21223/EUXW6Y"
"Phenotypic data of inbreds evaluated under Low N conditions in 2017","Badu-Apraku, Baffour",2021,"International Institue of Tropical Agriculture (IITA)","GHA","Maize","doi.org/10.25502/y1kz-yf32/d"
"Dataset for: Advanced clones of group LBHT cycle 1, population B (LBHT) in Oxapampa-Peru","Gastelo, Manuel",2016,"CIP","PER","potato","https://doi.org/10.21223/P3/UGWAZL"
"N2Africa Baseline Survey - Uganda, 2014","Vanlauwe, B., et.al",2020,"IITA","Uganda","common bean, soybean, groundnut, cowpea","https://doi.org/10.25502/rmse-1711/d"
"N2Africa focal adapt trial, 2015, I","Vanlauwe, B., et.al",2020,"IITA","Ghana,Uganda,Nigeria,Ethiopia,Tanzania","common bean, soybean, groundnut, cowpea","https://doi.org/10.25502/6rjh-ae22"
"2.4-Rabi (winter) crops-all nodes-Long term trial (LT)-Purnea-Bihar","Gathala, Mahesh K.",2018,"CIMMYT","IND, Purnea","Wheat, Maize","hdl:11529/10547966"
"Dataset for: Advanced yield trial, wide adapted population with 6 locations","Gruneberg, Wolfgang",2022,"CIP","PER","sweetpotato","https://doi.org/10.21223/8NSSWF"
"Dataset for: Advanced clones from LBHT x LTVR population, 2019","Gastelo, Manuel",2019,"CIP","PER","potato","https://doi.org/10.21223/8MZIKL"
"Dataset for: Genetic gains in the content of 'Fe' and 'Zn” in diploid potato for three cycles recurrent selection (Minerals)","Amoros, Walter",2020,"CIP","PER","potato","https://doi.org/10.21223/P3/BJBYNJ"
"Dataset for: Releasing at least one new potato variety in the highlands of Peru, focusing on quality for French fries and high level of resistance to late blight using participatory varietal selection during period from 2020-2021 in Majes","Gastelo, Manuel",2021,"CIP","PER","potato","https://doi.org/10.21223/P1ZLI7"
"Raising and sustaining productivity in cereal-legume cropping systems in northern GHA","IITA; Savanna Agricultural Research Institute (SARI)",2014,"IFPRI","GHA","","https://doi.org/10.7910/DVN/3HVZH3"
"Fertilizer Study Gender Babati","International Institute of Tropical Agriculture (International Institue of Tropical Agriculture (IITA))",2014,"IFPRI","TZA",NA,"https://doi.org/10.7910/DVN/74QMCD"
"N2Africa MLE data, 2016","Vanlauwe, B., et.al",2020,"IITA","Ghana,Nigeria,Uganda,Zimbabwe,Malawi,Mozambique,Ethiopia,Kenya","common bean, soybean, groundnut, cowpea","https://doi.org/10.25502/9vgy-h440"
"N2Africa demo - Northern Uganda, 2014, Season II","Vanlauwe, B., et.al",2020,"IITA","Uganda","common bean, soybean, groundnut, cowpea","https://doi.org/10.25502/4ymd-n614"
"Dataset for: Assessment of baked potatoes quality traits during 2019-2020","Gastelo, Manuel",2021,"CIP","PER","potato","https://doi.org/10.21223/RKTBNX"
"Dataset for: Adaptability 10 CRW to higlands, Peru (Huancavelica and Junin)","Gastelo, Manuel",2021,"CIP","PER","potato","https://doi.org/10.21223/G3JK72"
"N2Africa farm monitoring - Rwanda, 2012, II","Vanlauwe, B., et.al",2020,"IITA","Rwanda","common bean, soybean, groundnut, cowpea","https://doi.org/10.25502/0msx-r973"
"Dataset for: Advanced clones of group LBHT cycle 1, population B (LBHT) in Comas-Peru","Gastelo, Manuel",2016,"CIP","PER","potato","https://doi.org/10.21223/P3/OOQ73N"
"International Late Both Hybrid Trial - ILBH0651","Global Maize Program",2019,"CIMMYT Germplasm Data Management (CIMMYT)","MEX","Maize","hdl:11529/10567"
"Dataset for: Assessment of at least 42 clones sub-Saharan Africa crosses in two locations for high yielding under late blight and virus disease pressure in Kenya","Mendes, Thiago",2018,"CIP","KEN","potato","https://doi.org/10.21223/NBW7X3"
"Dataset for: Advanced clones of group B3 cycle 1, population B (B3C1) in Comas-Peru","Gastelo, Manuel",2016,"CIP","PER","potato","https://doi.org/10.21223/P3/1GET14"
"Dataset for: Trait Observation Network (TON) Panel Advanced potato clones","Gastelo, Manuel",2020,"CIP","PER","potato","https://doi.org/10.21223/6TRC9T"
"Dataset for: Adaptation and Efficiency Trials (CIP396034.103) - Season II","Gastelo, Manuel",2021,"CIP","PER","potato","https://doi.org/10.21223/WCLRKI"
"Raising and sustaining productivity in cereal-legume cropping systems in northern GHA","International Institute of Tropical Agriculture (International Institue of Tropical Agriculture (IITA)); Savanna Agricultural Research Institute (SARI)",2014,"IFPRI","GHA",NA,"https://doi.org/10.7910/DVN/3HVZH3"
"IITA-ADC biochar study UGA on Maize","Roobroeck, Dries",2019,"IITA","UGA","Maize, Groundnut","https://doi.org/10.25502/z5dp-be17/d"
"N2Africa farm monitoring - Zimbabwe, 2012 - 2013","Vanlauwe, B., et.al",2020,"IITA","Zimbabwe","common bean, soybean, groundnut, cowpea","https://doi.org/10.25502/dqaw-f631"
"Dataset for: Adaptation and Efficiency Trials (CIP395123.6) - Season II","Gastelo, Manuel",2021,"CIP","PER","potato","https://doi.org/10.21223/L9WDYD"
"ETH Africa Research in Sustainable Intensification for the Next Generation (Africa RISING) Baseline Evaluation Survey","International Food Policy Research Institute (IFPRI)",2016,"IFPRI","ETH","","https://doi.org/10.7910/DVN/H6RWOO"
"Dataset for: Evaluation of abiotic stress tolerance in advance potatoes clones of the lowland tropic virus resistant population (LTVR - Cycle 7) under normal irrigation (NI) and deficit irrigation (DI) in Majes - Peru","Salas, Elisa",2020,"CIP","PER","potato","https://doi.org/10.21223/MLMFIT"
"Dataset for: Potential new bio-fortified potato varieties high in iron and zinc to contribute to food and nutrition security in Huancavelica, Peru (Participatory Varietal Selection)","Salas, Elisa",2019,"CIP","PER","potato","https://doi.org/10.21223/P3/8NEIZP"
"N2Africa focal adapt trial, 2015, II","Vanlauwe, B., et.al",2020,"IITA","Tanzania, Uganda, Ethiopia, Ghana, Nigeria","common bean, soybean, groundnut, cowpea","https://doi.org/10.25502/ejjm-hq60"
"International Intermediate White Hybrid Trial - IIWH0752","Global Maize Program",2019,"CIMMYT","MEX, ETH, Costa Rica, Egypt","Maize","https://hdl.handle.net/11529/10546"
"Dataset for: Advanced clones of group B3 cycle 2, population B (B3C2) in Comas-Peru","Gastelo, Manuel",2016,"CIP","PER","potato","https://doi.org/10.21223/P3/MWOJGR"
"N2Africa farm monitoring - MOZ, 2011 - 2012","Vanlauwe, Bernard",2020,"IITA","MOZ","Groundnut, Soybean, Common beans","https://doi.org/10.25502/jhrj-9423"
"Dataset for: Potential new bio-fortified potato varieties high Vitamin C to contribute to food and nutrition security in Huancavelica, Peru","Salas, Elisa",2020,"CIP","PER","potato","https://doi.org/10.21223/JSHCJO"
"International Early Yellow Hybrid Trial - IEYH0612","Global Maize Program",2019,"CIMMYT Germplasm Data Management (CIMMYT)","Bolivia, MEX","Maize","hdl:11529/10563"
"TZN Africa Research in Sustainable Intensification for the Next Generation (Africa RISING) Baseline Evaluation Survey","International Food Policy Research Institute (IFPRI)",2015,"IFPRI","TZA","","https://doi.org/10.7910/DVN/PPUL2W"
"Crop diversification in conservation agriculture is critical for climate adaptation","Thierfelder, Christian",2016,"CIMMYT","MWI","maize","https://hdl:11529/10823"
"Africa Soil Information System - Phase 1, Nkhata Bay S1","Huising, Jeroen",2018,"IITA","MWI","","https://doi.org/10.25502/20180814/1341/HJ"
"Rainfed Rice yield and management data from 2006 to 2010 on farmer's fields under conservation agriculture in the Lake Alaotra region of Madagascar","Bruelle, Guillaume",2020,"CIRAD","Madagascar, Alaotra Mangoro, Ambatondrazaka","Rice","https://doi.org/10.18167/DVN1/2EHEQT"
"Aerial High-Throughput Phenotyping Enabling Indirect Selection for Grain Yield at the Early-generation Seed-limited Stages in Breeding Program - data for publication","Krause, Margaret R.",2020,"CIMMYT","?????","Wheat","hdl:11529/10548379"
"N2Africa agronomy trials harvest - Uganda, 2016, II","Vanlauwe, B., et.al",2020,"IITA","Uganda","common bean, soybean, groundnut, cowpea","https://doi.org/10.25502/9kj5-mb56"
"Dataset for: Procesamiento para calidad de color en French fries and Chips Advanced potato clones B3C1 and B3C2, under highlands and lowlands in Peru","Gastelo, Manuel",2022,"CIP","PER","potato","https://doi.org/10.21223/WQMMSN"
"Dataset for: Adaptation and Efficiency Trials (CIP396026.101) - Season I","Gastelo, Manuel",2021,"CIP","PER","potato","https://doi.org/10.21223/KNC22E"
"Dataset for: Potential new bio-fortified potato varieties high in iron and zinc to contribute to food and nutrition security in Cusco, Peru","Salas, Elisa",2020,"CIP","PER","potato","https://doi.org/10.21223/0TE2GO"
"Dataset for: Potential new bio-fortified potato varieties high in iron and zinc to contribute to food and nutrition security in Junin, Peru (Organoleptic data)","Salas, Elisa",2020,"CIP","PER","potato","https://doi.org/10.21223/WI75PA"
"Promoting Sustainable Intensification Through Efficient Application of Different Sources of Phosphorus (Minjingu Granular, Minjingu Mazao, DAP and TSP) (CIAT)","International Center for Tropical Agriculture (CIAT); Selian Agricultural Research Institute (SARI)",2017,"IFPRI","TZA","","https://doi.org/10.7910/DVN/G2CSNP"
"Africa RISING-Effects of P-Fertilizer Rates on Groundnut Yield in Northern GHA","International Institute of Tropical Agriculture (International Institue of Tropical Agriculture (IITA)); Ministry of Food and Agriculture (MOFA), Republic of GHA; Savanna Agricultural Research Institute (SARI)",2015,"IFPRI","GHA",NA,"https://doi.org/10.7910/DVN/MY0ATH"
"N2Africa farm monitoring - Uganda, 2013, Season II Groundnut","Vanlauwe, B., et.al",2020,"IITA","Uganda","common bean, soybean, groundnut, cowpea","https://doi.org/10.25502/zzzd-d180"
"2.1-Rabi (winter) crops-all nodes-Long term trial (LT) -Rajshahi-BGD","Gathala, Mahesh K.",2018,"CIMMYT","BGD, Rajshahi","Wheat, Maize","hdl:11529/10547963"
"Replication Data for: Trade-Offs and Synergies Between Yield, Labor, Profit, and Risk in MWIan Maize-Based Cropping Systems","International Food Policy Research Institute (IFPRI)",2018,"IFPRI","MWI",NA,"https://doi.org/10.7910/DVN/ILVSXJ"
"Dataset for: yield and stability advanced trial for late blight and heat tolerant (LBHT) potato population conducted in Huanuco, Peru","Kante, Moctar",2022,"CIP","PER","potato","https://doi.org/10.21223/E9STDZ"
"Dataset for: 5226a Data file true seed hybrid population wide adaptation and earliness","Diaz, Federico",2017,"CIP","PER","sweetpotato","https://doi.org/10.21223/2B2RI9"
"OCP validation trials for Maize fertilizers,  Institute for Agricultural Research (IAR) - NGA","Huising, Jeroen",2021,"International Institue of Tropical Agriculture (IITA)","NGA","Maize","https://doi.org/10.25502/3348-6831/d"
"Replication data for: Response of secondary growth parameters in maize (Zea mays L.) to conservation agriculture and conventional tillage systems in multi environments of Zimbabwe","Thierfelder, Christian",2017,"CIMMYT","ZWE","maize","hdl:11529/10869"
"Evaluating Fertilizer Recommendations with Farmers","World Agroforestry Center (ICRAF); Sokoine University of Agriculture (SUA)",2017,"IFPRI","TZA",NA,"https://doi.org/10.7910/DVN/TW1LEH"
"Dataset for: Assessment of french fries quality traits during 2019-2020","Gastelo, Manuel",2021,"CIP","PER","potato","https://doi.org/10.21223/FF5CZT"
"Dataset for: Stability analysis for nutritional contents (Vitamin C) on 40 native potato cultivars","Salas, Elisa",2017,"CIP","PER","potato","https://doi.org/10.21223/P3/NIZ8AG"
"Dataset for: Advanced clones of group B3 cycle 2, population B (B3C2) in Oxapampa-Peru","Gastelo, Manuel",2016,"CIP","PER","potato","https://doi.org/10.21223/P3/9VMENB"
"MLI Africa Research in Sustainable Intensification for the Next Generation (Africa RISING) Baseline Evaluation Survey","International Food Policy Research Institute (IFPRI)",2015,"IFPRI","MLI",NA,"https://doi.org/10.7910/DVN/UDKSBJ"
"Global Wheat Program; IWIN Collaborators","Singh, Ravi; Payne, Thomas",2019,"CIMMYT","Global","wheat","https://hdl.handle.net/11529/10548345"
"Replication Data for: Phenotypic Stability and Correlation for Late Blight Resistance in Advanced Potato Clones Under Field and Controlled Conditions","Gastelo, Manuel",2021,"CIP","PER","potato","https://doi.org/10.21223/JPWA9G"
"Dataset for: Cleaning up at least 10 Rwanda local varieties, 30 2x biofortified potato introduced from Ethiopia and 5 LTVR x LBHT clones selected in Kenya for further distribution","Mendes, Thiago",2019,"CIP","ETH & KEN","potato","https://doi.org/10.21223/VXYNGJ"
"Dataset for: Panel of dihaploid stock for heat and photoperiod gene discovery in potato","Santayana, Monica",2019,"CIP","PER","potato","https://doi.org/10.21223/CMVGO1"
"Dataset for: BLUPs predicted from combined analyses across different trials and locations, Kenya 2022","Mendes, Thiago",2022,"CIP","KEN","potato","https://doi.org/10.21223/0ENJZ7"
"MLI Africa Research in Sustainable Intensification for the Next Generation (Africa RISING) Baseline Evaluation Survey","International Food Policy Research Institute (IFPRI)",2015,"IFPRI","MLI","","https://doi.org/10.7910/DVN/UDKSBJ"
"4.2-Rabi (winter) crops-all nodes-Alternative cropping systems trial -Rangpur-BGD","Gathala, Mahesh K.",2018,"CIMMYT","BGD, Rangpur","Wheat, Maize","hdl:11529/10547995"
"Agronomic management of Rice blast datasets (Â®GARP database)","Auzoux, Sandrine",2019,"CIRAD","Madagascar, Antananarivo, Antsirabe, rÃ©gion Vakinankaratra","Rice","https://doi.org/10.18167/DVN1/Y5HADO"
"Dataset for: Assessment of french fries quality traits during 2020-2021","Gastelo, Manuel",2021,"CIP","PER","potato","https://doi.org/10.21223/ZTPO9T"
"Dataset for: Advanced clones of group B3 cycle 1, population B (B3C1) in Oxapampa-Peru","Gastelo, Manuel",2016,"CIP","PER","potato","https://doi.org/10.21223/P3/BOXOEZ"
"Africa Soil Information System - Phase 1, Pampaida","Huising, Jeroen",2018,"International Institue of Tropical Agriculture (IITA)","NGA",NA,"https://doi.org/10.25502/20180814/1415/HJ"
"Grain Yield Performance of Selected Lowland NERICA and Modern Asian Rice Genotypes in West Africa","K. Saito (Africa Rice Center (WARDA), 01 BP 2031, Cotonou, BEN); Azoma (frica Rice Center (WARDA), 01 BP 2031, Cotonou, BEN); M. SiÃ© (Rice Center (WARDA), 01 BP 2031, Cotonou, BEN)",2012,"AfricaRice","BEN","","https://doi.org/10.7910/DVN/1MFGTJ"
"Data from: Effects of fertilizer on inorganic soil N in East Africa maize systems: vertical distributions and temporal dynamics","Tully, K. L.",2016,"Univeristy of Maryland","KEN, TZA","","https://doi.org/10.5061/dryad.5qr62"
"Dataset for: Potential new bio-fortified potato varieties high in iron and zinc to contribute to food and nutrition security in Apurimac, Peru (Organoleptic data)","Salas, Elisa",2020,"CIP","PER","potato","https://doi.org/10.21223/F5JJZZ"
"N2Africa impact survey - Malawi, 2013","Vanlauwe, B., et.al",2020,"IITA","Malawi","common bean, soybean, groundnut, cowpea","https://doi.org/10.25502/fcwa-d071"
"Dataset for: 5226b True seed 2016 Experimental hybrid populations low sugar","Diaz, Federico",2017,"CIP","PER","sweetpotato","https://doi.org/10.21223/7LJMH7"
"Dataset for: Selection and evaluation of at least ten advanced clones of the LBHT x LTVR population with low glycoalkaloid content in contrasting environments, with high resistance to late blight, high tuber yield, heat tolerance and adapted to mid and highlands in Huanuco","Gastelo, Manuel",2021,"CIP","PER","potato","https://doi.org/10.21223/5TQSRM"
"Fertilizer Microdosing/Intensification of Maize-legume based systems in the semi-arid areas of tanzania","World Agroforestry Center (ICRAF); Sokoine University of Agriculture (SUA)",2016,"IFPRI","TZA",NA,"https://doi.org/10.7910/DVN/4DDPFG"
"MWI Africa Research in Sustainable Intensification for the Next Generation (Africa RISING) Baseline Evaluation Survey","International Food Policy Research Institute (IFPRI)",2015,"IFPRI","MWI",NA,"https://doi.org/10.7910/DVN/28557"
"MOZ Cell Phone Savings Project: Endline Survey","International Food Policy Research Institute (IFPRI); Associacao Nutricao Serguranca Alimentar de MOZ (ANSA)",2017,"IFPRI","MOZ",NA,"https://doi.org/10.7910/DVN/PTKJ1J"
"Dataset for: Phenotypic Stability for tuber yield components under climate change conditions in advanced clones from B3C3 population in Huamachuco","Gastelo, Manuel",2021,"CIP","PER","potato","https://doi.org/10.21223/NZUS1C"
"4.2-Rabi (winter) crops-all nodes-Alternative cropping systems trial -Rangpur-BGD","Gathala, Mahesh K.",2018,"CIMMYT","BGD, Rangpur","Wheat, Maize","https://hdl.handle.net/11529/10547995"
"Dataset for: Potential new bio-fortified potato varieties high Vitamin C to contribute to food and nutrition security in La Libertad, Peru","Salas, Elisa",2020,"CIP","PER","potato","https://doi.org/10.21223/1E8NLI"
"Dataset for: Releasing at least one new potato variety in the highlands of Peru, focusing on quality for French fries and high level of resistance to late blight using participatory varietal selection during period from 2019-2020 in Cajamarca and Huamachuco","Gastelo, Manuel",2021,"CIP","PER","potato","https://doi.org/10.21223/QVAASL"
"International Intermediate White Hybrid Trial - IIWH0752","Global Maize Program",2019,"CIMMYT Germplasm Data Management (CIMMYT)","MEX, ETH, Costa Rica, Egypt","Maize","hdl:11529/10546"
"N2Africa training data, 2016 - 2018","Vanlauwe, B., et.al",2020,"IITA","Nigeria, Zimbabwe, Malawi, Ghana, Ethiopia, Uganda, Tanzania, Mozambique","common bean, soybean, groundnut, cowpea","https://doi.org/10.25502/yw02-2e89"
"Dataset for: Potential new bio-fortified potato varieties high in iron and zinc to contribute to food and nutrition security in La Libertad, Peru (Organoleptic data)","Salas, Elisa",2020,"CIP","PER","potato","https://doi.org/10.21223/AHKYT3"
"Dataset for: Selected LBHT families, pedigree and number of genotypes tested in Kenya","Mendes, Thiago",2022,"CIP","KEN","potato","https://doi.org/10.21223/6SSRWZ"
"Dataset for: Advanced clones of group B1 cycle 5, population B (B1C5) in Huancayo-Peru","Gastelo, Manuel",2016,"CIP","PER","potato","https://doi.org/10.21223/P3/M40FYT"
"Dataset for: Selection and evaluation of at least ten advanced clones of the LBHT x LTVR population with low glycoalkaloid content in contrasting environments, with high resistance to late blight, high tuber yield, heat tolerance and adapted to mid and highlands in Huamachuco","Gastelo, Manuel",2021,"CIP","PER","potato","https://doi.org/10.21223/FO7KPO"
"N2Africa agronomy trials - UGA, 2016, II","Vanlauwe, Bernard",2020,"IITA","UGA","Groundnut, Soybean, Common beans","https://doi.org/10.25502/ec86-2t29"
"N2Africa demonstration trial","Vanlauwe, B., et.al",2020,"IITA","Nigeria,Ghana,Mozambique,Kenya,Malawi,Uganda,Tanzania,Ethiopia","common bean, soybean, groundnut, cowpea","https://doi.org/10.25502/vhf4-rn77"
"Dataset for: Releasing at least one new potato variety in the highlands of Peru, focusing on quality for French fries and high level of resistance to late blight using participatory varietal selection during period from 2020-2021 in Huanuco and Huancayo","Gastelo, Manuel",2021,"CIP","PER","potato","https://doi.org/10.21223/QBADHX"
"Dataset for: Potential new bio-fortified potato varieties high in iron and zinc to contribute to food and nutrition security in Cajamarca, Peru (Participatory Varietal Selection)","Salas, Elisa",2019,"CIP","PER","potato","https://doi.org/10.21223/P3/3DI3GC"
"International Late White Hybrid Trial - ILWH0607","Global Maize Program",2018,"CIMMYT Germplasm Data Management (CIMMYT)","MEX, GHA","Maize","hdl:11529/10554"
"N2Africa farm monitoring - Kenya, 2011","Vanlauwe, B., et.al",2020,"IITA","Kenya","common bean, soybean, groundnut, cowpea","https://doi.org/10.25502/kaqv-w032/d"
"GHA Africa Research in Sustainable Intensification for the Next Generation (Africa RISING) Baseline Evaluation Survey","International Food Policy Research Institute (IFPRI)",2015,"IFPRI","GHA",NA,"https://doi.org/10.7910/DVN/QUB9UT"
"Yield gains and associated changes in an early yellow bi-parental Maize population following Genomic Selection for Striga resistance and drought tolerance","Baffour, Badu-Apraku",2021,"IITA","NGA","Maize","https://dx.doi.org/10.25502/szwf-he08"
"Dataset for: Potential new bio-fortified potato varieties high in iron and zinc to contribute to food and nutrition security in Junin, Peru (Participatory Varietal Selection)","Salas, Elisa",2019,"CIP","PER","potato","https://doi.org/10.21223/P3/QUOUVY"
"N2Africa farm monitoring - Rwanda, 2011","Vanlauwe, B., et.al",2020,"IITA","Rwanda","common bean, soybean, groundnut, cowpea","https://doi.org/10.25502/1tnr-jv20"
"Aerial High-Throughput Phenotyping Enabling Indirect Selection for Grain Yield at the Early-generation Seed-limited Stages in Breeding Program - data for publication","Krause, Margaret R.",2020,"CIMMYT","?????","Wheat","https://hdl.handle.net/11529/10548379"
"Dataset for: Crossing block of selected elite progenitors of the lowland tropic virus resistant population (LTVR)","Salas, Elisa",2020,"CIP","PER","potato","https://doi.org/10.21223/LL2OZC"
"Evaluating Fertilizer Recommendations with Farmers","World Agroforestry Center (ICRAF); Sokoine University of Agriculture (SUA)",2017,"IFPRI","TZA","","https://doi.org/10.7910/DVN/TW1LEH"
"Dataset for: Adaptation and Efficiency Trials (CIP396034.103) - Season I","Gastelo, Manuel",2021,"CIP","PER","potato","https://doi.org/10.21223/NBQXM3"
"N2Africa farm monitoring - Liberia, 2013","Vanlauwe, B., et.al",2020,"IITA","Liberia","common bean, soybean, groundnut, cowpea","https://doi.org/10.25502/gpjj-8d54/d"
"N2Africa farm monitoring - MOZ, 2011 - 2012","Vanlauwe, Bernard",2020,"International Institute of Tropical Agriculture (International Institue of Tropical Agriculture (IITA))","MOZ","Groundnut, Soybean, Common beans","https://doi.org/10.25502/jhrj-9423"
"Dataset for: 5226c True seed 2016 hybrid population high iron and zinc","Diaz, Federico",2017,"CIP","PER","sweetpotato","https://doi.org/10.21223/JRDLYY"
"Dataset for: Crossing block of selected elite progenitors of the Biofortified Population (BIOT)","Salas, Elisa",2020,"CIP","PER","potato","https://doi.org/10.21223/IRWLF2"
"Dataset for: yield and stability advanced trial for late blight and heat tolerant (LBHT) potato population conducted in Oxapampa, Peru","Kante, Moctar",2022,"CIP","PER","potato","https://doi.org/10.21223/64DNHF"
"Dataset for: Advanced clones of group LBHT cycle 1, population B (LBHT) in La Molina-Peru","Gastelo, Manuel",2016,"CIP","PER","potato","https://doi.org/10.21223/P3/H50YAO"
"Yield gains and associated changes in an early yellow bi-parental Maize population following Genomic Selection for Striga resistance and drought tolerance","Baffour, Badu-Apraku",2021,"International Institute of Tropical Agriculture (International Institue of Tropical Agriculture (IITA))","NGA","Maize","https://dx.doi.org/10.25502/szwf-he08"
"Dataset for: Potential new bio-fortified potato varieties high in iron and zinc to contribute to food and nutrition security in Huanuco, Peru","Salas, Elisa",2019,"CIP","PER","potato","https://doi.org/10.21223/P3/2L9H6Y"
"N2Africa MLE data, 2015","Vanlauwe, B., et.al",2020,"IITA","Ghana,Ethiopia,Tanzania,Nigeria,Kenya,Zimbabwe,Malawi,Mozambique,Uganda,Rwanda,Democratic Republic of Congo","common bean, soybean, groundnut, cowpea","https://doi.org/10.25502/094e-da98"
"Ocurrence and diversity of arbuscular mycorrhizal fungi colonizing off-season and in-season weeds and their relationship with maize yield under conservation agriculture in Southern Africa","Mhlanga, Blessing",2022,"CIMMYT","ZWE",NA,"hdl:11529/10548831"
"International Late Yellow Variety Trial - ILYV0604","Global Maize Program",2018,"CIMMYT","MEX, NGA, IND, GHA","Maize","https://hdl.handle.net/11529/10551"
"International Institue of Tropical Agriculture (IITA)-ADC biochar study UGA on Maize","Roobroeck, Dries",2019,"International Institute of Tropical Agriculture (International Institue of Tropical Agriculture (IITA))","UGA","Maize, Groundnut","https://doi.org/10.25502/z5dp-be17/d"
"Dataset for: SET 2: Participatory Varietal Selection of Late Blight Resistant Potato Clones","Gastelo, Manuel",2020,"CIP","PER","potato","https://doi.org/10.21223/UGHHPK"
"Maize experiment with increasing rates of nitrogen to develop a calibration for the GreenSeeker in Yaqui Valley","OrtÃ­z-Monasterio Rosas, JosÃ© IvÃ¡n",2022,"CIMMYT","MEX","Maize","hdl:11529/10548652"
"Dataset for: Potential new bio-fortified potato varieties high Vitamin C to contribute to food and nutrition security in Apurimac, Peru","Salas, Elisa",2020,"CIP","PER","potato","https://doi.org/10.21223/GHJ9K4"
"Dataset for: Advanced clones of group B1 cycle 5, population B (B1C5) in Comas-Peru","Gastelo, Manuel",2016,"CIP","PER","potato","https://doi.org/10.21223/P3/NQBNWX"
"2.2-Rabi (winter) crops-all nodes-Long term trial (LT)-Rangpur-BGD","Gathala, Mahesh K.",2018,"CIMMYT","BGD, Rangpur","Wheat, Maize","https://hdl.handle.net/11529/10548076"
"Dataset for: Biofortified clones in Rwanda 2020","Mendes, Thiago",2021,"CIP","RWA","potato","https://doi.org/10.21223/ZZSTWK"
"N2Africa MLE data, 2019","Vanlauwe, B., et.al",2020,"IITA","Tanzania,Nigeria,Ethiopia","common bean, soybean, groundnut, cowpea","https://doi.org/10.25502/w98q-qw47"
"International Early Yellow Hybrid Trial - IEYH0612","Global Maize Program",2019,"CIMMYT","Bolivia, MEX","Maize","https://hdl.handle.net/11529/10563"
"N2Africa farm monitoring - Ghana, 2012","Vanlauwe, B., et.al",2020,"IITA","Ghana","common bean, soybean, groundnut, cowpea","https://doi.org/10.25502/hqss-2192/d"
"2.1-Rabi (winter) crops-all nodes-Long term trial (LT) -Rajshahi-BGD","Gathala, Mahesh K.",2018,"CIMMYT","BGD, Rajshahi","Wheat, Maize","https://hdl.handle.net/11529/10547963"
"Dataset for: Potential new varieties of biofortified potato with high iron and zinc content, to contribute to food and nutritional security in high Andean family farming","Salas, Elisa",2021,"CIP","PER","potato","https://doi.org/10.21223/N11QJS"
"N2Africa MLE data, 2015 - 2017","Vanlauwe, B., et.al",2020,"IITA","Ethiopia,Ghana,Nigeria,Tanzania,Uganda","common bean, soybean, groundnut, cowpea","https://doi.org/10.25502/1qq4-w409"
"Replication Data for: Heritability and genetic gains for iron and zinc concentration in diploid potato","Amoros, Walter",2020,"CIP","PER","potato","https://doi.org/10.21223/9OJPJ7"
"Dataset for: Early-maturing elite virus-resistant selections dispatched for assessment of adaptation in subtropical lowland and temperate agro-ecologies","Amoros, Walter",2017,"CIP","PER","potato","https://doi.org/10.21223/XLWBWM"
"Dataset for: Potential new bio-fortified potato varieties high in iron and zinc to contribute to food and nutrition security in Junin, Peru","Salas, Elisa",2020,"CIP","PER","potato","https://doi.org/10.21223/WLNBYV"
"OCP validation trials for Maize fertilizers, National Agricultural Extension and Research Liaison Services (NAERLS) - NGA","Huising, Jeroen",2021,"IITA","NGA","Maize","https://doi.org/10.25502/rhv4-6g25/d"
"N2Africa impact survey - Mozambique, 2013","Vanlauwe, B., et.al",2020,"IITA","Mozambique","common bean, soybean, groundnut, cowpea","https://doi.org/10.25502/r6mn-jn95"
"Dataset for: Releasing at least one new potato variety in the highlands of Peru, focusing on quality for French fries and high level of resistance to late blight using participatory varietal selection during period from 2020-2021 in Cajamarca and Huamachuco","Gastelo, Manuel",2021,"CIP","PER","potato","https://doi.org/10.21223/H8E8KL"
"N2Africa Baseline Survey - Togo, 2012","Vanlauwe, B., et.al",2020,"IITA","Togo","common bean, soybean, groundnut, cowpea","https://doi.org/10.25502/wcbr-ck09/d"
"Dataset for: yield and stability advanced trial for late blight and heat tolerant (LBHT) potato population conducted in Huancayo, Peru","Kante, Moctar",2022,"CIP","PER","potato","https://doi.org/10.21223/SBHNHD"
"Dataset for: Potential new bio-fortified potato varieties high in Vitamin C to contribute to food and nutrition security in Cajamarca, Peru","Salas, Elisa",2020,"CIP","PER","potato","https://doi.org/10.21223/R1CBVG"
"N2Africa agronomy trials harvest - Uganda, 2016, I","Vanlauwe, B., et.al",2020,"IITA","Uganda","common bean, soybean, groundnut, cowpea","https://doi.org/10.25502/2788-9j45"
"N2Africa MLE data, 2017","Vanlauwe, B., et.al",2020,"IITA","Ghana, Nigeria, Tanzania, Uganda, Kenya, Rwanda, Zimbabwe, Malawi, Mozambique, Ethiopia","common bean, soybean, groundnut, cowpea","https://doi.org/10.25502/pgca-rz65"
"6.2- Rabi (winter) crops-all nodes- Validation trials -Rangpur-BGD","Gathala, Mahesh K.",2018,"CIMMYT","BGD, Rangpur","Wheat, Maize","hdl:11529/10548008"
"N2Africa farm monitoring - Uganda, 2013, Season II Soybean","Vanlauwe, B., et.al",2020,"IITA","Uganda","common bean, soybean, groundnut, cowpea","https://doi.org/10.25502/k3v2-zr87"
"MOZ Cell Phone Savings Project: Endline Survey","International Food Policy Research Institute (IFPRI); Associacao Nutricao Serguranca Alimentar de MOZ (ANSA)",2017,"IFPRI","MOZ","","https://doi.org/10.7910/DVN/PTKJ1J"
"Dataset for: Advanced yield trial, low sugar population with 6 locations","Gruneberg, Wolfgang",2022,"CIP","PER","sweetpotato","https://doi.org/10.21223/SAIZKC"
"Agronomic Survey to Estimate Actual Yield Obtained by Farmers in Their Own Practices and Relation with Management Strategies (CIAT)","International Center for Tropical Agriculture (CIAT); Selian Agricultural Research Institute (SARI)",2017,"IFPRI","TZA",NA,"https://doi.org/10.7910/DVN/X6QS6M"
"Dataset for: Phenotypic stability and correlation under field and greenhouse conditions for late blight resistance in advanced clones from B3C3","Gastelo, Manuel",2020,"CIP","PER","potato","https://doi.org/10.21223/UIF80U"
"Dataset for: Material list of the potatoes clones of the lowland tropic virus resistant population (LTVR)","Salas, Elisa",2020,"CIP","PER","potato","https://doi.org/10.21223/H5JF2F"
"Dataset for: Advanced clones of group B1 cycle 5, population B (B1C5) in Oxapampa-Peru","Gastelo, Manuel",2016,"CIP","PER","potato","https://doi.org/10.21223/P3/VYCLVX"
"Dataset for: Potential new bio-fortified potato varieties high in iron and zinc to contribute to food and nutrition security in Cusco, Peru (Participatory Varietal Selection)","Salas, Elisa",2019,"CIP","PER","potato","https://doi.org/10.21223/P3/QUIKWK"
"OCP validation trials for Maize fertilizers,  Institute for Agricultural Research (IAR) - NGA","Huising, Jeroen",2021,"IITA","NGA","Maize","https://doi.org/10.25502/3348-6831/d"
"Dataset for: New Resistant Potato Varieties to Late Blight and High Quality for French Fries generated in Peru","Gastelo, Manuel",2022,"CIP","PER","potato","https://doi.org/10.21223/MXKUIK"
"N2Africa Baseline Survey - Tanzania, 2013","Vanlauwe, B., et.al",2020,"IITA","Tanzania","common bean, soybean, groundnut, cowpea","https://doi.org/10.25502/6w1q-xj07/d"
"Maize experiment with increasing rates of nitrogen to develop a calibration for the GreenSeeker in Yaqui Valley","Orti­z-Monasterio Rosas, Jose Ivan",2022,"CIMMYT","MEX","Maize","https://hdl.handle.net/11529/10548652"
"N2Africa farm monitoring - Nigeria, 2012","Vanlauwe, B., et.al",2020,"IITA","Nigeria","common bean, soybean, groundnut, cowpea","https://doi.org/10.25502/1zxn-yy75"
"Dataset for: Potential new bio-fortified potato varieties high in iron and zinc to contribute to food and nutrition security in La Libertad, Peru (Participatory Varietal Selection)","Salas, Elisa",2019,"CIP","PER","potato","https://doi.org/10.21223/P3/U6P3RT"
"N2Africa Baseline Survey - Southern Tanzania, 2014","Vanlauwe, B., et.al",2020,"IITA","Tanzania","common bean, soybean, groundnut, cowpea","https://doi.org/10.25502/q560-ha69/d"
"International Late Yellow Hybrid Trial - ILYH0608","Global Maize Program",2019,"CIMMYT Germplasm Data Management (CIMMYT)","MEX, Bolivia, GHA, IND, NGA, Viet Nam, Sudan","Maize","hdl:11529/10560"
"N2Africa impact survey - Ghana, 2013","Vanlauwe, B., et.al",2020,"IITA","Ghana","common bean, soybean, groundnut, cowpea","https://doi.org/10.25502/8pgw-td42"
"Dataset for: Potential new bio-fortified potato varieties high in Vitamin C to contribute to food and nutrition security in Junin, Peru","Salas, Elisa",2020,"CIP","PER","potato","https://doi.org/10.21223/XE9J6Q"
"N2Africa par measurements - Uganda, 2017","Vanlauwe, B., et.al",2020,"IITA","Uganda","common bean, soybean, groundnut, cowpea","https://doi.org/10.25502/dtwy-dw72"
"Replication data for: New Elite Potato Clones with Heat Tolerance, Late Blight and Virus Resistance to Address Climate Change","Gastelo, Manuel",2019,"CIP","PER","potato","https://doi.org/10.21223/P3/P78GMU"
"Gliricidia impacts on soil fertility, crop yields and nutrition in ZMB","Chikoye, David",2021,"International Institue of Tropical Agriculture (IITA)","ZMB","Maize, Soybean","https://doi.org/10.25502/0fa9-dm27/d"
"N2Africa farm monitoring - Ghana, 2011","Vanlauwe, B., et.al",2020,"IITA","Ghana","common bean, soybean, groundnut, cowpea","https://doi.org/10.25502/mbkp-rq56/d"
"N2Africa farm monitoring - Ethiopia, 2013","Vanlauwe, B., et.al",2020,"IITA","Ethiopia","common bean, soybean, groundnut, cowpea","https://doi.org/10.25502/m5h6-cj32/d"
"Fertilizer Microdosing/Intensification of Maize-legume based systems in the semi-arid areas of tanzania","World Agroforestry Center (ICRAF); Sokoine University of Agriculture (SUA)",2016,"IFPRI","TZA","","https://doi.org/10.7910/DVN/4DDPFG"
"Dataset for: Advanced clones of group B3 cycle 3, population B with late blight resistance in Oxapampa, 2013","Gastelo, Manuel",2019,"CIP","PER","potato","https://doi.org/10.21223/P3/LCGD4P"
"Data from: Maize-nutrient response information applied across Sub-Saharan Africa","Wortmann Charles",2020,"University of Nebraska - Lincoln","","Maize","https://doi.org/10.5061/dryad.tt6h5h1"
"Dataset for: Late blight resistant potato varieties for the tropical highlands and mid-elevation","Gastelo, Manuel",2021,"CIP","PER","potato","https://doi.org/10.21223/BJECYK"
"N2Africa MLE data, 2015 - 2019","Vanlauwe, B., et.al",2020,"IITA","Democratic Republic of Congo, Ethiopia, Mozambique, Uganda, Nigeria, Zimbabwe, Ghana, Tanzania, Rwanda, Malawi","common bean, soybean, groundnut, cowpea","https://doi.org/10.25502/135g-kc39"
"Agronomic Survey to Estimate Actual Yield Obtained by Farmers in Their Own Practices and Relation with Management Strategies (CIAT)","International Center for Tropical Agriculture (CIAT); Selian Agricultural Research Institute (SARI)",2017,"IFPRI","TZA","","https://doi.org/10.7910/DVN/X6QS6M"
"N2Africa Baseline Survey, 2010 - 2011","Vanlauwe, B., et.al",2020,"IITA","Democratic Republic of Congo,Ghana,Kenya,Nigeria,Mozambique,Malawi,Rwanda,Zumbabwe","common bean, soybean, groundnut, cowpea","https://doi.org/10.25502/6txr-k273/d"
"N2Africa household student characterization - Kapchorwa, Uganda, 2014","Vanlauwe, B., et.al",2020,"IITA","Uganda","common bean, soybean, groundnut, cowpea","https://doi.org/10.25502/c2yw-2m70"
"Dataset for: Generation of new progenies to use in development Product Profile to replace Canchan variety, introgression of new sources of resistance of late blight, bacterial wilt and drought tolerance","Gastelo, Manuel",2020,"CIP","PER","potato","https://doi.org/10.21223/KXYPYO"
"Dataset for: Phenotypic Stability for tuber yield components under climate change conditions in advanced clones from B3C3 population in Huanuco","Gastelo, Manuel",2021,"CIP","PER","potato","https://doi.org/10.21223/OOQ16Y"
"2.4-Rabi (winter) crops-all nodes-Long term trial (LT)-Purnea-Bihar","Gathala, Mahesh K.",2018,"CIMMYT","IND, Purnea","Wheat, Maize","https://hdl.handle.net/11529/10547966"
"2.2-Rabi (winter) crops-all nodes-Long term trial (LT)-Rangpur-BGD","Gathala, Mahesh K.",2018,"CIMMYT","BGD, Rangpur","Wheat, Maize","hdl:11529/10548076"
"Dataset for: SET1. Participatory Varietal Selection of Late Blight Resistant Potato Clones","Gastelo, Manuel",2020,"CIP","PER","potato","https://doi.org/10.21223/JBIBBT"
"7.2-APSIM-BARI OFRD-Rangpur-on-station research trials-SRFSI Project-ACIAR-CIMMYT","Gaydon, Don",2018,"CIMMYT","BGD, Rangpur","Wheat, Maize","hdl:11529/10548008"
"Dataset for: Potential new bio-fortified potato varieties high in iron and zinc to contribute to food and nutrition security in Huancavelica, Peru","Salas, Elisa",2020,"CIP","PER","potato","https://doi.org/10.21223/T7JUCL"
"N2Africa agronomy trials - UGA, 2016, II","Vanlauwe, Bernard",2020,"International Institue of Tropical Agriculture (IITA)","UGA","Groundnut, Soybean, Common beans","https://doi.org/10.25502/ec86-2t29"
"Dataset for: 10 clones with high Parental Value for Late blight resistance and tuber yield from population B3C3","Gastelo, Manuel",2020,"CIP","PER","potato","https://doi.org/10.21223/RHSVIY"
"International Late Both Hybrid Trial - ILBH0651","Global Maize Program",2019,"CIMMYT","MEX","Maize","https://hdl.handle.net/11529/10567"
"Dataset for: Protocols and trait dictionary of Chemical and Quality evaluations for potato documented, aligned and available in the Crop-Ontology platform and Global Trial Data Management System (GTDMS)","Salas, Elisa",2019,"CIP","PER","potato","https://doi.org/10.21223/BIDVJJ"
"Dataset for: Genetic gains in the content of 'Fe' and 'Zn” in diploid potato for three cycles recurrent selection (Yield)","Amoros, Walter",2020,"CIP","PER","potato","https://doi.org/10.21223/P3/L4PFIU"
"Dataset for: Adaptation and Efficiency Trials (CIP395123.6) - Season I","Gastelo, Manuel",2021,"CIP","PER","potato","https://doi.org/10.21223/JKNWBC"
"N2Africa farm monitoring - Nigeria, 2011","Vanlauwe, B., et.al",2020,"IITA","Nigeria","common bean, soybean, groundnut, cowpea","https://doi.org/10.25502/33jc-bx81"
"Dataset for: Potential new bio-fortified potato varieties high in Vitamin C to contribute to food and nutrition security in Cusco, Peru","Salas, Elisa",2020,"CIP","PER","potato","https://doi.org/10.21223/MGSRFH"
"Dataset for: Phenotypic Stability for Tuber Yield and Late Blight Resistance in Advanced Clones from B3C3","Gastelo, Manuel",2019,"CIP","PER","potato","https://doi.org/10.21223/P3/XVRHST"
"Dataset for: Breeding for resistance to late blight - LBHTC2 population- Phenotypic and Genomic Selection (2020-2021)","Gastelo, Manuel",2021,"CIP","PER","potato","https://doi.org/10.21223/ASVUIG"
"Dataset for: Dataset for Generation of new progenies to use in development Product Profile to replace Canchan variety, introgression of new sources of resistance of late blight, bacterial wilt and drought tolerance","Gastelo, Manuel",2021,"CIP","PER","potato","https://doi.org/10.21223/GMYIOP"
"Replication Data for: Cytoplasmic Male Sterility Incidence in Potato Breeding Populations with Late Blight Resistance and Identification of Breeding Lines with a Potential Fertility Restorer Mechanism","Santayana, Monica",2022,"CIP","PER","potato","https://doi.org/10.21223/80KNLP"
"Replication Data for: ‘Alisha’, ‘Anamaria’, ‘Bie’, ‘Bita’, ‘Caelan’, ‘Ivone’, ‘Lawrence’, ‘Margarete’, and ‘Victoria’ Sweetpotato","Andrade, Maria",2016,"CIP","MOZ","sweetpotato","https://doi.org/10.21223/P3/DP0OYK"
"Replication Data for: Nonlinear heat effects on African Maize as evidenced by historical yield trials","Lobell, David B.",2019,"CIMMYT","AGO, Botswana, Congo, Eritrea, ETH, KEN, Lesotho, MWI, MOZ, Namibia, South Africa, Swaziland, TZN, United Republic of, UGA, Congo, the Democratic Republic of the, ZMB, ZWE","Maize","https://hdl.handle.net/11529/10548190"
"Replication Data for: Trade-Offs and Synergies Between Yield, Labor, Profit, and Risk in MWIan Maize-Based Cropping Systems","International Food Policy Research Institute (IFPRI)",2018,"IFPRI","MWI","","https://doi.org/10.7910/DVN/ILVSXJ"
"Dataset for: Advanced clones from B3C3 population","Gastelo, Manuel",2019,"CIP","PER","potato","https://doi.org/10.21223/ZOKTTA"
"Dataset for: Stability of resistance and yield of 15 advanced clones across environments in Peru","Gastelo, Manuel",2016,"CIP","PER","potato","https://doi.org/10.21223/P3/4FTDO8"
"N2Africa MLE data, 2016 - 2017","Vanlauwe, B., et.al",2020,"IITA","Ghana,Tanzania,Ethiopia,Uganda,Kenya","common bean, soybean, groundnut, cowpea","https://doi.org/10.25502/ax1c-6856"
"N2Africa Baseline Survey 1 - Liberia, 2012","Vanlauwe, B., et.al",2020,"IITA","Liberia","common bean, soybean, groundnut, cowpea","https://doi.org/10.25502/ckxj-2t51/d"
"Dataset for: At least ten advanced clones of the LBHTXLTVR population selected with low glycoalkaloid content in contrasting environments. In addition to high levels of late blight resistance, high tuber yield, heat tolerance, adapted to midland and highland in San Ramon","Gastelo, Manuel",2021,"CIP","PER","potato","https://doi.org/10.21223/2D2NAV"
"MWI Africa Research in Sustainable Intensification for the Next Generation (Africa RISING) Baseline Evaluation Survey","International Food Policy Research Institute (IFPRI)",2015,"IFPRI","MWI","","https://doi.org/10.7910/DVN/28557"
"N2Africa farm monitoring - Uganda, 2013, I","Vanlauwe, B., et.al",2020,"IITA","Uganda","common bean, soybean, groundnut, cowpea","https://doi.org/10.25502/f4b0-n537"
"Scaling-up sustainable cropping practices: Zia and Micro-dosing","IITA; Savanna Agricultural Research Institute (SARI)",2015,"IFPRI","GHA","","https://doi.org/10.7910/DVN/J6BHT8"
"Africa RISING TZN- Maize Intensification Using Fertilizer","World Agroforestry Center (ICRAF); Sokoine University of Agriculture (SUA)",2016,"IFPRI","TZA",NA,"https://doi.org/10.7910/DVN/6YPPQO"
"International Late Yellow Variety Trial - ILYV0604","Global Maize Program",2018,"CIMMYT Germplasm Data Management (CIMMYT)","MEX, NGA, IND, GHA","Maize","hdl:11529/10551"
"Optimization of N dose in rice under conservation agriculture with sub-surface drip fertigation","Biswajit, Raja",2022,"CIMMYT","IND","rice","hdl:11529/10548773"
"Africa Soil Information System - Phase 1, Nkhata Bay S1","Huising, Jeroen",2018,"International Institue of Tropical Agriculture (IITA)","MWI",NA,"https://doi.org/10.25502/20180814/1341/HJ"
"OCP validation trials for Maize fertilizers, National Agricultural Extension and Research Liaison Services (NAERLS) - NGA","Huising, Jeroen",2021,"International Institue of Tropical Agriculture (IITA)","NGA","Maize","https://doi.org/10.25502/rhv4-6g25/d"
"N2Africa use survey - Ghana, Malawi, 2010 - 2011","Vanlauwe, B., et.al",2020,"IITA","Ghana,Malawi","common bean, soybean, groundnut, cowpea","https://doi.org/10.25502/ssrq-je60"
"Dataset for: New Heterotic Potato Clones Combining Two Divergent Germplasm Sources to Face Climate Change","Gastelo, Manuel",2021,"CIP","PER","potato","https://doi.org/10.21223/QEQSQ6"
"7.2-APSIM-BARI OFRD-Rangpur-on-station research trials-SRFSI Project-ACIAR-CIMMYT","Gaydon, Don",2018,"CIMMYT","BGD, Rangpur","Wheat, Maize","https://hdl.handle.net/11529/10548008"
"Dataset for: Iron, zinc and vitamin C concentration of hundreds of potato landraces from Huancavelica","Burgos, Gabriela",2019,"CIP","PER","potato","https://doi.org/10.21223/P3/LXO6O2"
"2.7-Rabi (winter) crops-all nodes-Long term trial (LT)-Choochbehar-West Bengal","Gathala, Mahesh K.",2018,"CIMMYT","IND, Choochbehar","Wheat, Maize","hdl:11529/10547969"
"Dataset for: Potential new bio-fortified potato varieties high in iron and zinc to contribute to food and nutrition security in Apurimac, Peru (Participatory Varietal Selection)","Salas, Elisa",2020,"CIP","PER","potato","https://doi.org/10.21223/ZRPRIM"
"Rice production with less irrigation water is possible in a Sahelian environment","Michiel E. de Vries (Plant Production Systems, Wageningen University, P.O. Box 430, 6700 AK Wageningen, The Netherlands, Africa Rice Center AfricaRice â€“ Sahel Station, BP 96 St Louis,SEN); Jonne Rodenburg (Africa Rice Center (AfricaRice) â€“ East and Southern Africa Rice Program, P.O. Box 33581, Dar es Salaam, TZN); Boubie V. Bado (Africa Rice Center (AfricaRice) â€“ Sahel Station, BP 96 St Louis, SEN); Abdoualye Sow (Africa Rice Center (AfricaRice) â€“ Sahel Station, BP 96 St Louis, SEN); Peter A. Leffelaar (Plant Production Systems, Wageningen University, P.O. Box 430, 6700 AK Wageningen, The Netherlands); Ken E. Giller (Plant Production Systems, Wageningen University, P.O. Box 430, 6700 AK Wageningen, The Netherlands)",2012,"AfricaRice","SEN","","https://doi.org/10.7910/DVN/QVDRV7"
"Dataset for: Assessment of baked potatoes quality traits during 2020-2021","Gastelo, Manuel",2021,"CIP","PER","potato","https://doi.org/10.21223/F6ZZJH"
"International Late Yellow Hybrid Trial - ILYH0608","Global Maize Program",2019,"CIMMYT","MEX, Bolivia, GHA, IND, NGA, Viet Nam, Sudan","Maize","https://hdl.handle.net/11529/10560"
"Monitoring and evaluation the longer term effects of conservation agriculture practices on soil quality, soil water dynamics, weeds, pests/diseases and crop yield in Eastern Zambia","Thierfelder, Christian",2016,"CIMMYT","ZMB","maize, cowpea, soybean","hdl:11529/10844"
"Rainfed Rice yield and management data from 2006 to 2010 on farmer's fields under conservation agriculture in the Lake Alaotra region of Madagascar","Bruelle, Guillaume",2020,"CIRAD","Madagascar, Alaotra Mangoro, Ambatondrazaka","Rice","https://doi.org/10.18167/DVN1/2EHEQT"
"Rice production with less irrigation water is possible in a Sahelian environment","Michiel E. de Vries (Plant Production Systems, Wageningen University, P.O. Box 430, 6700 AK Wageningen, The Netherlands, Africa Rice Center AfricaRice â€“ Sahel Station, BP 96 St Louis,SEN); Jonne Rodenburg (Africa Rice Center (AfricaRice) â€“ East and Southern Africa Rice Program, P.O. Box 33581, Dar es Salaam, TZN); Boubie V. Bado (Africa Rice Center (AfricaRice) â€“ Sahel Station, BP 96 St Louis, SEN); Abdoualye Sow (Africa Rice Center (AfricaRice) â€“ Sahel Station, BP 96 St Louis, SEN); Peter A. Leffelaar (Plant Production Systems, Wageningen University, P.O. Box 430, 6700 AK Wageningen, The Netherlands); Ken E. Giller (Plant Production Systems, Wageningen University, P.O. Box 430, 6700 AK Wageningen, The Netherlands)",2012,"AfricaRice","SEN",NA,"https://doi.org/10.7910/DVN/QVDRV7"
"2.7-Rabi (winter) crops-all nodes-Long term trial (LT)-Choochbehar-West Bengal","Gathala, Mahesh K.",2018,"CIMMYT","IND, Choochbehar","Wheat, Maize","https://hdl.handle.net/11529/10547969"
"N2Africa farm monitoring - Uganda, 2013, II","Vanlauwe, B., et.al",2020,"IITA","Uganda","common bean, soybean, groundnut, cowpea","https://doi.org/10.25502/727k-5319"
"Dataset for: Potential new bio-fortified potato varieties high in iron and zinc to contribute to food and nutrition security in Cajamarca, Peru","Salas, Elisa",2020,"CIP","PER","potato","https://doi.org/10.21223/DPANNH"
"N2Africa farm monitoring - Rwanda, 2012, I","Vanlauwe, B., et.al",2020,"IITA","Rwanda","common bean, soybean, groundnut, cowpea","https://doi.org/10.25502/jn3v-pr28"
"N2Africa MLE data, 2017 - 2018","Vanlauwe, B., et.al",2020,"IITA","Uganda, Zimbabwe, Ghana, Tanzania, Nigeria, Ethiopia, Kenya, Rwanda","common bean, soybean, groundnut, cowpea","https://doi.org/10.25502/tkcg-6205"
"N2Africa farm monitoring - Kenya, 2012","Vanlauwe, B., et.al",2020,"IITA","Kenya","common bean, soybean, groundnut, cowpea","https://doi.org/10.25502/t3qs-re90/d"
