name,sciname,altname,is_preferred,harvest,groups,fresh_moisture,max_yield,NOTE,snake_case,CamelCase,AGROVOC,CATEGORY,URI
Abacá,Musa textilis,Manila hemp,,,fibre_crops,,,,abaca,Abaca,abaca,fibre_crops,http://aims.fao.org/aos/agrovoc/c_4
adzuki bean,Vigna angularis,,,,beans,,,,adzuki_bean,AdzukiBean,adzuki beans,pulses,http://aims.fao.org/aos/agrovoc/c_8632
agave,Agave spp.,,,,fibre_crops,,,,agave,Agave,agave,fibre_crops,http://aims.fao.org/aos/agrovoc/c_176
akee,Blighia sapida,,,,fruits,,,,akee,Akee,akees,fruits,http://aims.fao.org/aos/agrovoc/c_8697
allspice,Pimenta dioica,,,,spices,,,,allspice,Allspice,allspice,spices,http://aims.fao.org/aos/agrovoc/c_19193
almond,Prunus dulcis,,,,nuts,,,,almond,Almond,almonds,nuts,http://aims.fao.org/aos/agrovoc/c_8734
amaranth,Amaranthus sp,,,grain; leaves,pseudocereals; vegetables,,,,amaranth,Amaranth,,,
anise,Pimpinella anisum,,,,spices,,,,anise,Anise,anise,spices,http://aims.fao.org/aos/agrovoc/c_8817
apple,Malus domestica,,,,fruits,,,,apple,Apple,apples,fruits,http://aims.fao.org/aos/agrovoc/c_541
apricot,Prunus armeniaca,,,,fruits,,,,apricot,Apricot,apricots,fruits,http://aims.fao.org/aos/agrovoc/c_545
arabica coffee,Coffea arabica,,,,coffee,,,,arabica_coffee,ArabicaCoffee,arabica coffee,coffee,http://aims.fao.org/aos/agrovoc/c_566
areca nut,Areca catechu,,,,nuts,,,,areca_nut,ArecaNut,areca nuts,nuts,http://aims.fao.org/aos/agrovoc/c_ac0d27db
argan,Argania spinosa,,,,oil_crops,,,,argan,Argan,argan,oil_crops,http://aims.fao.org/aos/agrovoc/c_32068
asparagus,asparagus officinalis,,,,vegetables,,,,asparagus,Asparagus,asparagus,vegetables,http://aims.fao.org/aos/agrovoc/c_669
asparagus bean,Vigna unguiculata subsp. sesquipedalis,yardlong bean; pea bean; long-podded cowpea; Chinese long bean; snake bean,,,pulses,,,,asparagus_bean,AsparagusBean,asparagus beans,pulses,http://aims.fao.org/aos/agrovoc/c_670
avocado,Persea americana,,,,fruits,,,,avocado,Avocado,avocados,fruits,http://aims.fao.org/aos/agrovoc/c_9022
babassu palm,Attalea speciosa,,,,oil_crops,,,,babassu_palm,BabassuPalm,babassu palm,oil_crops,http://aims.fao.org/aos/agrovoc/c_703
bambara groundnut,Vigna subterranea,,,seed,grain_crops,,5000,,bambara_groundnut,BambaraGroundnut,bambara groundnut,grain_crops,http://aims.fao.org/aos/agrovoc/c_15594
banana,Musa acuminata,,,fruit,fruits,,173000,,banana,Banana,bananas,fruits,http://aims.fao.org/aos/agrovoc/c_806
barley,Hordeum vulgare,,,grain,cereals,,12000,,barley,Barley,barley,cereals,http://aims.fao.org/aos/agrovoc/c_823
basil,Ocimum basilicum,,,,culinary_herbs,,,,basil,Basil,basil,culinary_herbs,http://aims.fao.org/aos/agrovoc/c_9093
beetroot,Beta vulgaris,,,,vegetables,,,,beetroot,Beetroot,beetroot,vegetables,http://aims.fao.org/aos/agrovoc/c_867
bell pepper,Capsicum annuum,,,,vegetables,,,,bell_pepper,BellPepper,sweet peppers,vegetables,http://aims.fao.org/aos/agrovoc/c_14727
bergamot orange,Citrus bergamia,,,,fruits,,,,bergamot_orange,BergamotOrange,bergamot orange,fruits,http://aims.fao.org/aos/agrovoc/c_9233
berseem clover,Trifolium alexandrium,,,green manure,feed_crops,,,,berseem_clover,BerseemClover,,,
bilberry,Vaccinium myrtillus,,,,fruits,,,,bilberry,Bilberry,bilberries,fruits,http://aims.fao.org/aos/agrovoc/c_aeec9b59
black currant,Ribes nigrum,,,,fruits,,,,black_currant,BlackCurrant,black currants,fruits,http://aims.fao.org/aos/agrovoc/c_945
black gram,Vigna mungo,,,seed,pulses,,,,black_gram,BlackGram,,,
black salsify,Scorzonera hispanica,,,,root_crops,,,,black_salsify,BlackSalsify,black salsify,root_crops,http://aims.fao.org/aos/agrovoc/c_0f628632
blackberry,Rubus spp,,,,fruits,,,,blackberry,Blackberry,blackberries,fruits,http://aims.fao.org/aos/agrovoc/c_947
blue agave,Agave tequilana,,,,syrup,,,,blue_agave,BlueAgave,,,
blueberry,Vaccinium spp.,,,,fruits,,,,blueberry,Blueberry,blueberries,fruits,http://aims.fao.org/aos/agrovoc/c_974
borage,Borago officinalis,,,seed,oil_seeds,,,,borage,Borage,borage seed,oil_seeds,http://aims.fao.org/aos/agrovoc/c_d2910779
abyssinian cabbage,Brassica carinata,,,,vegetables,,,,abyssinian_cabbage,AbyssinianCabbage,brassica carinata,vegetables,http://aims.fao.org/aos/agrovoc/c_33311
brazil nut,Bertholletia excelsa,,,,nuts,,,,brazil_nut,BrazilNut,brazil nuts,nuts,http://aims.fao.org/aos/agrovoc/c_9410
broccoli,Brassica oleracea var. italica,,,,vegetables,,,,broccoli,Broccoli,broccoli,vegetables,http://aims.fao.org/aos/agrovoc/c_7339
brussels sprouts,Brassica oleracea,,,,vegetables,,,,brussels_sprouts,BrusselsSprouts,brussels sprouts,vegetables,http://aims.fao.org/aos/agrovoc/c_1127
buckwheat,Fagopyrum esculentum,,,,pseudocereals,,,,buckwheat,Buckwheat,buckwheat,pseudocereals,http://aims.fao.org/aos/agrovoc/c_9471
cabbage,Brassica oleracea,,,,vegetables,,,,cabbage,Cabbage,cabbages,vegetables,http://aims.fao.org/aos/agrovoc/c_1173
cactus pear,,,,,fruits,,,,cactus_pear,CactusPear,cactus pears,fruits,http://aims.fao.org/aos/agrovoc/c_ba7fc495
calamondin,,,,,fruits,,,,calamondin,Calamondin,calamondins,fruits,http://aims.fao.org/aos/agrovoc/c_15497
cantaloupe,,,,,fruits,,,,cantaloupe,Cantaloupe,cantaloupes,fruits,http://aims.fao.org/aos/agrovoc/c_12714
carambola,,,,,fruits,,,,carambola,Carambola,carambolas,fruits,http://aims.fao.org/aos/agrovoc/c_9605
cardamom,,,,,spices,,,,cardamom,Cardamom,cardamom,spices,http://aims.fao.org/aos/agrovoc/c_9620
cardoon,Cynara cardunculus,artichoke thistle,,,vegetables,,,,cardoon,Cardoon,cardoons,vegetables,http://aims.fao.org/aos/agrovoc/c_9623
carob,,,,,pulses,,,,carob,Carob,carobs,pulses,http://aims.fao.org/aos/agrovoc/c_9631
carrot,,,,,vegetables,,,,carrot,Carrot,carrots,vegetables,http://aims.fao.org/aos/agrovoc/c_9640
cashew,,,,,nuts,,,,cashew,Cashew,cashews,nuts,http://aims.fao.org/aos/agrovoc/c_9647
cassabanana,Sicana odorifera,,,,fruits,,,,cassabanana,Cassabanana,cassabanana,fruits,http://aims.fao.org/aos/agrovoc/c_972d313c
cassava,Manihot esculenta,,,roots; leaves,vegetables,,90000,,cassava,Cassava,cassava,vegetables,http://aims.fao.org/aos/agrovoc/c_9649
castor bean,,,,,oil_seeds,,,,castor_bean,CastorBean,castor beans,oil_seeds,http://aims.fao.org/aos/agrovoc/c_18705
catjang,Vigna unguiculata subsp. cylindrica,,,,pulses,,,,catjang,Catjang,catjang,pulses,http://aims.fao.org/aos/agrovoc/c_1389
cauliflower,,,,,vegetables,,,,cauliflower,Cauliflower,cauliflowers,vegetables,http://aims.fao.org/aos/agrovoc/c_1394
celeriac,Apium graveolens var. rapaceum,celery root,,,vegetables,,,,celeriac,Celeriac,celeriac,vegetables,http://aims.fao.org/aos/agrovoc/c_1411
celery,,,,stems; leaves; seed,vegetables,,,,celery,Celery,celery,vegetables,http://aims.fao.org/aos/agrovoc/c_1412
cherimoya,,,,,fruits,,,,cherimoya,Cherimoya,cherimoyas,fruits,http://aims.fao.org/aos/agrovoc/c_9761
cherry,,,,,fruits,,,,cherry,Cherry,cherries,fruits,http://aims.fao.org/aos/agrovoc/c_1534
chestnut,,,,,nuts,,,,chestnut,Chestnut,chestnuts,nuts,http://aims.fao.org/aos/agrovoc/c_25467
chia,,,,seed,oil_seeds,,,,chia,Chia,chia seeds,oil_seeds,http://aims.fao.org/aos/agrovoc/c_fd182bf3
chickpea,Cicer arientinum,,,seed,pulses,,6000,,chickpea,Chickpea,chickpeas,pulses,http://aims.fao.org/aos/agrovoc/c_9785
chicory,,,,leaves; root,vegetables,,,,chicory,Chicory,chicory,vegetables,http://aims.fao.org/aos/agrovoc/c_9786
chilli pepper,,,,,spices,,,,chilli_pepper,ChilliPepper,chillies,spices,http://aims.fao.org/aos/agrovoc/c_9795
chinotto,,,,,fruits,,,,chinotto,Chinotto,chinotto,fruits,http://aims.fao.org/aos/agrovoc/c_66133b33
chives,,,,,vegetables,,,,chives,Chives,chives,vegetables,http://aims.fao.org/aos/agrovoc/c_9813
cinnamon,,,,,spices,,,,cinnamon,Cinnamon,cinnamon,spices,http://aims.fao.org/aos/agrovoc/c_9862
citrange,,,,,fruits,,,,citrange,Citrange,citranges,fruits,http://aims.fao.org/aos/agrovoc/c_1629
citron,,,,,fruits,,,,citron,Citron,citrons,fruits,http://aims.fao.org/aos/agrovoc/c_1632
citrus fruit,,,,,fruits,,,,citrus_fruit,CitrusFruit,citrus fruits,fruits,http://aims.fao.org/aos/agrovoc/c_1641
clementine,,,,,fruits,,,,clementine,Clementine,clementines,fruits,http://aims.fao.org/aos/agrovoc/c_9895
clove tree,Syzygium aromaticum,,,,spices,,,,clove_tree,CloveTree,cloves,spices,http://aims.fao.org/aos/agrovoc/c_23597
clover,Trifolium sp.,,,green manure,feed_crops,,,,clover,Clover,clover,feed_crops,http://aims.fao.org/aos/agrovoc/c_7910
cocoa,,,,,cocoa,,,,cocoa,Cocoa,cocoa beans,cocoa,http://aims.fao.org/aos/agrovoc/c_1711
coconut,,,,,nuts,,,,coconut,Coconut,coconuts,nuts,http://aims.fao.org/aos/agrovoc/c_25470
coffee,Coffea sp.,,,,coffee,,,,coffee,Coffee,,,
common bean,Phaseolus vulgaris,,,seed,pulses,,9000,,common_bean,CommonBean,common beans,pulses,http://aims.fao.org/aos/agrovoc/c_4098
coriander,,,,,culinary_herbs,,,,coriander,Coriander,coriander,culinary_herbs,http://aims.fao.org/aos/agrovoc/c_10097
cotton,Gossypium hirsutum,,,bolls,plant_fibres,,5000,,cotton,Cotton,cotton,plant_fibres,http://aims.fao.org/aos/agrovoc/c_1926
cowpea,Vigna unguiculata,,,seed,pulses,,5000,,cowpea,Cowpea,cowpeas,pulses,http://aims.fao.org/aos/agrovoc/c_1938
cranberry,,,,,fruits,,,,cranberry,Cranberry,cranberries,fruits,http://aims.fao.org/aos/agrovoc/c_1944
crotalaria,Crotalaria spp,,,depends,green_manures,,2500,,crotalaria,Crotalaria,crotalaria,green_manures,http://aims.fao.org/aos/agrovoc/c_1977
crowberry,,,,,fruits,,,,crowberry,Crowberry,crowberries,fruits,http://aims.fao.org/aos/agrovoc/c_526caa65
cucumber,,,,,vegetables,,,,cucumber,Cucumber,cucumbers,vegetables,http://aims.fao.org/aos/agrovoc/c_10195
cucurbit fruit,,,,,fruits,,,,cucurbit_fruit,CucurbitFruit,cucurbit fruits,fruits,http://aims.fao.org/aos/agrovoc/c_2005
cumin,,,,,spices,,,,cumin,Cumin,cumin,spices,http://aims.fao.org/aos/agrovoc/c_10205
date,,,,,fruits,,,,date,Date,dates,fruits,http://aims.fao.org/aos/agrovoc/c_25475
dewberry,,,,,fruits,,,,dewberry,Dewberry,dewberries,fruits,http://aims.fao.org/aos/agrovoc/c_2232
dragon fruit,,,,,fruits,,,,dragon_fruit,DragonFruit,dragon fruits,fruits,http://aims.fao.org/aos/agrovoc/c_42ce209e
durian,,,,,fruits,,,,durian,Durian,durians,fruits,http://aims.fao.org/aos/agrovoc/c_10488
eggplant,,,,,vegetables,,,,eggplant,Eggplant,eggplants,vegetables,http://aims.fao.org/aos/agrovoc/c_8998
endive,,,,,vegetables,,,,endive,Endive,endives,vegetables,http://aims.fao.org/aos/agrovoc/c_10596
faba bean,Vicia faba,,,bean,pulses,,6500,,faba_bean,FabaBean,faba beans,pulses,http://aims.fao.org/aos/agrovoc/c_10722
fenugreek,Trigonella foenum-graecum,,,seed,spices,,5500,,fenugreek,Fenugreek,fenugreek,spices,http://aims.fao.org/aos/agrovoc/c_b8cb7919
fibre crop,spp,,,,industrial_crops,,,,fibre_crop,FibreCrop,fibre crops,industrial_crops,http://aims.fao.org/aos/agrovoc/c_2876
fig,,,,,fruits,,,,fig,Fig,figs,fruits,http://aims.fao.org/aos/agrovoc/c_10840
finger millet,Eleusine coracana,,,grain,cereals,,6000,,finger_millet,FingerMillet,finger millet,cereals,http://aims.fao.org/aos/agrovoc/c_2904
flax,Linum usitatissimum,,,seed; stems,plant_fibres,,,,flax,Flax,flax,plant_fibres,http://aims.fao.org/aos/agrovoc/c_2970
fonio,,,,grain,cereals,,,,fonio,Fonio,fonio,cereals,http://aims.fao.org/aos/agrovoc/c_ed7c5c09
foxtail millet,Setaria italica,,,,,,,,,,,,
forage crop,,,,,feed_crops,,,,forage_crop,ForageCrop,forage,feed_crops,http://aims.fao.org/aos/agrovoc/c_36108
garlic,Allium sativum,,,tuber,vegetables,,,,garlic,Garlic,garlic,vegetables,http://aims.fao.org/aos/agrovoc/c_11091
ginger,,,,,spices,,,,ginger,Ginger,ginger,spices,http://aims.fao.org/aos/agrovoc/c_11157
globe artichoke,,,,,vegetables,,,,globe_artichoke,GlobeArtichoke,globe artichokes,vegetables,http://aims.fao.org/aos/agrovoc/c_11171
goji berry,,,,,fruits,,,,goji_berry,GojiBerry,goji berries,fruits,http://aims.fao.org/aos/agrovoc/c_caacd4d4
gomenzer,Brassica carinata,,,leaves,vegetables,,2300,,gomenzer,Gomenzer,,,
gooseberry,,,,,fruits,,,,gooseberry,Gooseberry,gooseberries,fruits,http://aims.fao.org/aos/agrovoc/c_3333
grape,,,,fruit; seed,fruits,,,,grape,Grape,grapes,fruits,http://aims.fao.org/aos/agrovoc/c_3359
grapefruit,,,,,fruits,,,,grapefruit,Grapefruit,grapefruits,fruits,http://aims.fao.org/aos/agrovoc/c_3358
grass pea,Lathyrus sativus,,,seed,grain_crops,,5000,,grass_pea,GrassPea,grass pea,grain_crops,http://aims.fao.org/aos/agrovoc/c_4218
green bean,,,,,vegetables,,,,green_bean,GreenBean,green beans,vegetables,http://aims.fao.org/aos/agrovoc/c_f461a9d7
green onions,,,,,vegetables,,,,green_onions,GreenOnions,green onions,vegetables,http://aims.fao.org/aos/agrovoc/c_ffd65b9e
groundnut,Arachis hypogaea,,,seed,oil_seeds,,8500,,groundnut,Groundnut,groundnuts,oil_seeds,http://aims.fao.org/aos/agrovoc/c_11368
guar,Cyamopsis tetragonoloba,,,,feed_crops,,,,guar,Guar,guar,feed_crops,http://aims.fao.org/aos/agrovoc/c_2051
guava,,,,,fruits,,,,guava,Guava,guavas,fruits,http://aims.fao.org/aos/agrovoc/c_11392
hazelnut,,,,,nuts,,,,hazelnut,Hazelnut,hazelnuts,nuts,http://aims.fao.org/aos/agrovoc/c_18248
hemp,cannabis sativa,,,,plant_fibres,,,,hemp,Hemp,hemp,plant_fibres,http://aims.fao.org/aos/agrovoc/c_3558
horseradish,,,,,spices,,,,horseradish,Horseradish,horseradish,spices,http://aims.fao.org/aos/agrovoc/c_11614
jackfruit,Artocarpus heterophyllus,,,fruit,fruits,,80000,,jackfruit,Jackfruit,jackfruit,fruits,http://aims.fao.org/aos/agrovoc/c_11864
jerusalem artichoke,topinambour,,,,vegetables,,,,jerusalem_artichoke,JerusalemArtichoke,jerusalem artichokes,vegetables,http://aims.fao.org/aos/agrovoc/c_11903
jojoba,,,,,oil_seeds,,,,jojoba,Jojoba,jojoba,oil_seeds,http://aims.fao.org/aos/agrovoc/c_11913
jute,Corchorus olitorius,,,fiber,plant_fibres,,,,jute,Jute,jute,plant_fibres,http://aims.fao.org/aos/agrovoc/c_4065
kaki,,,,,fruits,,,,kaki,Kaki,kaki,fruits,http://aims.fao.org/aos/agrovoc/c_11934
kale,,,,,vegetables,,,,kale,Kale,kales,vegetables,http://aims.fao.org/aos/agrovoc/c_4070
kapok,,,,,plant_fibres,,,,kapok,Kapok,kapok,plant_fibres,http://aims.fao.org/aos/agrovoc/c_16497
kenaf,,,,,plant_fibres,,,,kenaf,Kenaf,kenaf,plant_fibres,http://aims.fao.org/aos/agrovoc/c_4084
kidney bean,Phaseolus vulgaris,,,bean,pulses,,6500,,,,,,
kiwi,,,,,fruits,,,,kiwi,Kiwi,kiwifruits,fruits,http://aims.fao.org/aos/agrovoc/c_12002
kohlrabi,,,,,vegetables,,,,kohlrabi,Kohlrabi,kohlrabi,vegetables,http://aims.fao.org/aos/agrovoc/c_4114
kola nut,Cola sp.,,,seed,nuts,,10000,,kola_nut,KolaNut,kola nuts,nuts,http://aims.fao.org/aos/agrovoc/c_25471
kumquat,,,,,fruits,,,,kumquat,Kumquat,kumquats,fruits,http://aims.fao.org/aos/agrovoc/c_22df2056
lablab,Lablab purpureus,,,seed,grain_crops,,5000,,lablab,Lablab,lablab,grain_crops,http://aims.fao.org/aos/agrovoc/c_12024
leek,,,,,vegetables,,,,leek,Leek,leeks,vegetables,http://aims.fao.org/aos/agrovoc/c_12128
lemon,,,,,fruits,,,,lemon,Lemon,lemons,fruits,http://aims.fao.org/aos/agrovoc/c_4259
lemon balm,Melissa officinalis,,balm,,culinary_herbs,,,,balm,Balm,balm,culinary_herbs,http://aims.fao.org/aos/agrovoc/c_25465
lemon grass,,,,,culinary_herbs,,,,lemon_grass,LemonGrass,lemon grass,culinary_herbs,http://aims.fao.org/aos/agrovoc/c_41d978c7
lentil,Lens culinaris,,,seed,pulses,,7000,,lentil,Lentil,lentils,pulses,http://aims.fao.org/aos/agrovoc/c_12140
lettuce,,,,,vegetables,,,,lettuce,Lettuce,lettuces,vegetables,http://aims.fao.org/aos/agrovoc/c_12151
liberian coffee,Coffea liberica,,,,coffee,,,,liberian_coffee,LiberianCoffee,liberica coffee,coffee,http://aims.fao.org/aos/agrovoc/c_4308
limequat,,,,,fruits,,,,limequat,Limequat,limequats,fruits,http://aims.fao.org/aos/agrovoc/c_4340
lime,,,,,fruits,,,,lime,Lime,limes,fruits,http://aims.fao.org/aos/agrovoc/c_4341
lingonberry,,,,,fruits,,,,lingonberry,Lingonberry,lingonberries,fruits,http://aims.fao.org/aos/agrovoc/c_ebfdf3a4
litchi,,,,,fruits,,,,litchi,Litchi,litchis,fruits,http://aims.fao.org/aos/agrovoc/c_12283
little millet,Panicum sumatrense,,,grain,cereals,,,,little_millet,LittleMillet,little millet,cereals,http://aims.fao.org/aos/agrovoc/c_cc8f6dca
loganberry,,,,,fruits,,,,loganberry,Loganberry,loganberries,fruits,http://aims.fao.org/aos/agrovoc/c_8055f171
longan,,,,,fruits,,,,longan,Longan,longans,fruits,http://aims.fao.org/aos/agrovoc/c_331528
loquat,,,,,fruits,,,,loquat,Loquat,loquats,fruits,http://aims.fao.org/aos/agrovoc/c_12246
lotus,,,,root,root_crops,,,,lotus,Lotus,lotus root,root_crops,http://aims.fao.org/aos/agrovoc/c_d1c9cfce
lucerne,Medicago sativa,alfalfa,,feed,feed_crops,,,,lucerne,Lucerne,lucerne,feed_crops,http://aims.fao.org/aos/agrovoc/c_4693
lucuma,,,,,fruits,,,,lucuma,Lucuma,lucumas,fruits,http://aims.fao.org/aos/agrovoc/c_4456
macadamia nut,,,,,nuts,,,,macadamia_nut,MacadamiaNut,macadamia nuts,nuts,http://aims.fao.org/aos/agrovoc/c_12296
mace,,,,,spices,,,,mace,Mace,mace,spices,http://aims.fao.org/aos/agrovoc/c_25484
maize,Zea mays,,,grain,cereals,12,41500,,maize,Maize,maize,cereals,http://aims.fao.org/aos/agrovoc/c_12332
mandarin,,,,,fruits,,,,mandarin,Mandarin,mandarins,fruits,http://aims.fao.org/aos/agrovoc/c_4568
mango,Mangifera indica,,,,fruits,,100000,,mango,Mango,mangoes,fruits,http://aims.fao.org/aos/agrovoc/c_12367
mangosteen,,,,,fruits,,,,mangosteen,Mangosteen,mangosteens,fruits,http://aims.fao.org/aos/agrovoc/c_12368
mate,,,,leaves,beverage_crops,,,,mate,Mate,mate,beverage_crops,http://aims.fao.org/aos/agrovoc/c_4647
durum wheat,Triticum durum,,,grain,cereals,,,,durum_wheat,DurumWheat,,,
mint,,,,,culinary_herbs,,,,mint,Mint,mint,culinary_herbs,http://aims.fao.org/aos/agrovoc/c_12606
mulberry,,,,,fruits,,,,mulberry,Mulberry,mulberries,fruits,http://aims.fao.org/aos/agrovoc/c_25487
mung bean,Vigna radiata,,,,pulses,,,,mung_bean,MungBean,mung beans,pulses,http://aims.fao.org/aos/agrovoc/c_4988
mushrooms,,,,,vegetables,,,,mushrooms,Mushrooms,mushrooms,vegetables,http://aims.fao.org/aos/agrovoc/c_2487
muskmelon,,,,,fruits,,,,muskmelon,Muskmelon,muskmelons,fruits,http://aims.fao.org/aos/agrovoc/c_12487
mustard,,,,seed,spices,,,,mustard,Mustard,mustard seed,spices,http://aims.fao.org/aos/agrovoc/c_fd07a050
nectarine,,,,,fruits,,,,nectarine,Nectarine,nectarines,fruits,http://aims.fao.org/aos/agrovoc/c_5100
no crop,,,,,other,,,,no_crop,NoCrop,,,
noug,Guziota scarba,,,,oil_seeds,,5000,,noug,Noug,noug seed,oil_seeds,http://aims.fao.org/aos/agrovoc/c_12827
nutmeg,,,,,spices,,,,nutmeg,Nutmeg,nutmegs,spices,http://aims.fao.org/aos/agrovoc/c_23169
oats,Avena sativa,,,grain,cereals,,13450,,oats,Oats,oats,cereals,http://aims.fao.org/aos/agrovoc/c_5287
oil palm,,,,,oil_crops,,,,oil_palm,OilPalm,oil palms,oil_crops,http://aims.fao.org/aos/agrovoc/c_5330
okra,Abelmoschus esculentus,,,fruit,vegetables,,,,okra,Okra,okras,vegetables,http://aims.fao.org/aos/agrovoc/c_12920
olive,,,,,fruits,,,,olive,Olive,olives,fruits,http://aims.fao.org/aos/agrovoc/c_12926
onion,,,,,vegetables,,,,onion,Onion,onions,vegetables,http://aims.fao.org/aos/agrovoc/c_12934
orange,Citrus sinensis,,,fruit,fruits,,100000,,orange,Orange,oranges,fruits,http://aims.fao.org/aos/agrovoc/c_7550
orangequat,,,,,fruits,,,,orangequat,Orangequat,orangequats,fruits,http://aims.fao.org/aos/agrovoc/c_5375
oregano,,,,,culinary_herbs,,,,oregano,Oregano,oregano,culinary_herbs,http://aims.fao.org/aos/agrovoc/c_34066
palm heart,,,,,vegetables,,,,palm_heart,PalmHeart,palm hearts,vegetables,http://aims.fao.org/aos/agrovoc/c_28302
palm kernel,,,,,oil_seeds,,,,palm_kernel,PalmKernel,palm kernels,oil_seeds,http://aims.fao.org/aos/agrovoc/c_25493
papaya,Carica papaya,,,fruit,fruits,,,,papaya,Papaya,papayas,fruits,http://aims.fao.org/aos/agrovoc/c_13087
parsley,Petroselinum crispum,,,,culinary_herbs; root_crops,,,,parsley,Parsley,parsley,culinary_herbs,http://aims.fao.org/aos/agrovoc/c_13120
parsley root,Petroselinum crispum,,,,root_crops,,,,parsley_root,ParsleyRoot,parsley root,root_crops,http://aims.fao.org/aos/agrovoc/c_7f40dbdf
parsnip,,,,,vegetables,,,,parsnip,Parsnip,parsnips,vegetables,http://aims.fao.org/aos/agrovoc/c_13122
passion fruit,,,,,fruits,,,,passion_fruit,PassionFruit,passion fruits,fruits,http://aims.fao.org/aos/agrovoc/c_13127
pawpaw,Asimina triloba,,,fruit,fruits,,,,pawpaw,Pawpaw,pawpaws,fruits,http://aims.fao.org/aos/agrovoc/c_ceb1a952
pea,Pisum sativum,,,seed,pulses,,10000,,pea,Pea,peas,pulses,http://aims.fao.org/aos/agrovoc/c_13177
peach,,,,,fruits,,,,peach,Peach,peaches,fruits,http://aims.fao.org/aos/agrovoc/c_5638
pear,,,,,fruits,,,,pear,Pear,pears,fruits,http://aims.fao.org/aos/agrovoc/c_5645
pearl millet,Pennisetum glaucum,,,grain,cereals,,15000,,pearl_millet,PearlMillet,pearl millet,cereals,http://aims.fao.org/aos/agrovoc/c_e4e17d1b
pecan,,,,,nuts,,,,pecan,Pecan,pecans,nuts,http://aims.fao.org/aos/agrovoc/c_13178
pepino,,,,,fruits,,,,pepino,Pepino,pepino,fruits,http://aims.fao.org/aos/agrovoc/c_ea979075
pepper,Capsicum spp,,,fruit,spices,,100000,,pepper,Pepper,pepper,spices,http://aims.fao.org/aos/agrovoc/c_25495
peppermint,,,,,culinary_herbs,,,,peppermint,Peppermint,peppermint,culinary_herbs,http://aims.fao.org/aos/agrovoc/c_ae411b49
perilla,Perilla frutescens,,,,oil_seeds,,,,perilla,Perilla,perilla seed,oil_seeds,http://aims.fao.org/aos/agrovoc/c_04f3705c
phacelia,Phacelia tanacetifolia,,,green manure,green_manures,,,,phacelia,Phacelia,,,
pigeon pea,Cajanus cajan,,,seed,legumes,,7000,,pigeon_pea,PigeonPea,pigeon peas,legumes,http://aims.fao.org/aos/agrovoc/c_13356
pineapple,,,,,fruits,,,,pineapple,Pineapple,pineapples,fruits,http://aims.fao.org/aos/agrovoc/c_13394
pistachio,,,,,nuts,,,,pistachio,Pistachio,pistachios,nuts,http://aims.fao.org/aos/agrovoc/c_13413
plantain,,,,,vegetables,,,,plantain,Plantain,plantains,vegetables,http://aims.fao.org/aos/agrovoc/c_5989
plum,,,,,fruits,,,,plum,Plum,plums,fruits,http://aims.fao.org/aos/agrovoc/c_6028
pomegranate,,,,,fruits,,,,pomegranate,Pomegranate,pomegranates,fruits,http://aims.fao.org/aos/agrovoc/c_13505
poppy,,,,,oil_seeds,,,,poppy,Poppy,poppy seed,oil_seeds,http://aims.fao.org/aos/agrovoc/c_25498
potato,Solanum tuberosum,,,tuber,vegetables,80,175000,,potato,Potato,potatoes,vegetables,http://aims.fao.org/aos/agrovoc/c_13551
pummelo,,,,,fruits,,,,pummelo,Pummelo,pummelos,fruits,http://aims.fao.org/aos/agrovoc/c_6367
pumpkin,,,,fruit; seed,vegetables,,,,pumpkin,Pumpkin,pumpkins,vegetables,http://aims.fao.org/aos/agrovoc/c_6369
quince,,,,,fruits,,,,quince,Quince,quinces,fruits,http://aims.fao.org/aos/agrovoc/c_13714
quinoa,,,,,pseudocereals,,,,quinoa,Quinoa,quinoa,pseudocereals,http://aims.fao.org/aos/agrovoc/c_13716
radicchio,,,,,vegetables,,,,radicchio,Radicchio,radicchio,vegetables,http://aims.fao.org/aos/agrovoc/c_c32f344d
radish,Raphanus sp.,,,root,vegetables,,,,radish,Radish,radishes,vegetables,http://aims.fao.org/aos/agrovoc/c_13735
rambutan,,,,,fruits,,,,rambutan,Rambutan,rambutans,fruits,http://aims.fao.org/aos/agrovoc/c_13754
ramie,,,,,plant_fibres,,,,ramie,Ramie,ramie,plant_fibres,http://aims.fao.org/aos/agrovoc/c_6442
rapeseed,Brassica napus,,,seed,oil_seeds,,5000,,rapeseed,Rapeseed,rapeseed,oil_seeds,http://aims.fao.org/aos/agrovoc/c_25499
raspberry,,,,,fruits,,,,raspberry,Raspberry,raspberries,fruits,http://aims.fao.org/aos/agrovoc/c_6458
red clover,Trifolium pratense,,,green manure,green_manures; feed_crops,,,,red_clover,RedClover,,,
red currant,,,,,fruits,,,,red_currant,RedCurrant,red currants,fruits,http://aims.fao.org/aos/agrovoc/c_6479
rhubarb,,,,,vegetables,,,,rhubarb,Rhubarb,rhubarb,vegetables,http://aims.fao.org/aos/agrovoc/c_11089
rice,Oryza sativa,,,grain,cereals,,22500,,rice,Rice,rice,cereals,http://aims.fao.org/aos/agrovoc/c_6599
robusta coffee,Coffea canephora,,,,coffee,,,,robusta_coffee,RobustaCoffee,robusta coffee,coffee,http://aims.fao.org/aos/agrovoc/c_6626
rocket,,,,,vegetables,,,,rocket,Rocket,rocket,vegetables,http://aims.fao.org/aos/agrovoc/c_5c9e76bc
rose hips,,,,,fruits,,,,rose_hips,RoseHips,rose hips,fruits,http://aims.fao.org/aos/agrovoc/c_50142
roselle,,,,,vegetables,,,,roselle,Roselle,roselle,vegetables,http://aims.fao.org/aos/agrovoc/c_a8b0f9a7
rosemary,,,,,culinary_herbs,,,,rosemary,Rosemary,rosemary,culinary_herbs,http://aims.fao.org/aos/agrovoc/c_13963
rubber,,,,,industrial_crops,,,,rubber,Rubber,rubber crops,industrial_crops,http://aims.fao.org/aos/agrovoc/c_6679
rutabaga,,,,,vegetables,,,,rutabaga,Rutabaga,rutabagas,vegetables,http://aims.fao.org/aos/agrovoc/c_6713
rye,Secale cereale,,,grain,cereals,,,,rye,Rye,rye,cereals,http://aims.fao.org/aos/agrovoc/c_14010
rye grass,Lolium perenne,,,leaves,feed_crops,,,,rye_grass,RyeGrass,,,
safflower,Cartamo tinctorius,,,,oil_seeds,,,,safflower,Safflower,safflower seed,oil_seeds,http://aims.fao.org/aos/agrovoc/c_25503
saffron,,,,,spices,,,,saffron,Saffron,saffron,spices,http://aims.fao.org/aos/agrovoc/c_14023
safou,,,,,fruits,,,,safou,Safou,safou,fruits,http://aims.fao.org/aos/agrovoc/c_34775
sage,,,,,culinary_herbs,,,,sage,Sage,sage,culinary_herbs,http://aims.fao.org/aos/agrovoc/c_14025
salsify,,,,,vegetables,,,,salsify,Salsify,salsify,vegetables,http://aims.fao.org/aos/agrovoc/c_14055
satsuma,,,,,fruits,,,,satsuma,Satsuma,satsumas,fruits,http://aims.fao.org/aos/agrovoc/c_6819
seakale,,,,,vegetables,,,,seakale,Seakale,seakale,vegetables,http://aims.fao.org/aos/agrovoc/c_87057e4f
sesame,Sesamum indicum,,,seed,oil_seeds,,,,sesame,Sesame,sesame seed,oil_seeds,http://aims.fao.org/aos/agrovoc/c_14216
sesbania,Sesbania spp,,,none,green_manures,,125000,,sesbania,Sesbania,sesbania,green_manures,http://aims.fao.org/aos/agrovoc/c_6993
shallots,,,,,vegetables,,,,shallots,Shallots,shallots,vegetables,http://aims.fao.org/aos/agrovoc/c_14233
shea nut,,,,,nuts,,,,shea_nut,SheaNut,shea nuts,nuts,http://aims.fao.org/aos/agrovoc/c_25505
sisal,,,,,plant_fibres,,,,sisal,Sisal,sisal,plant_fibres,http://aims.fao.org/aos/agrovoc/c_7086
sorghum,Sorghum bicolor,,,grain,cereals,,18000,,sorghum,Sorghum,sorghum grain,cereals,http://aims.fao.org/aos/agrovoc/c_7249
sour cherry,,,,,fruits,,,,sour_cherry,SourCherry,sour cherries,fruits,http://aims.fao.org/aos/agrovoc/c_9767
soybean,Glycine max,,,seed,pulses,,15000,,soybean,Soybean,soybeans,pulses,http://aims.fao.org/aos/agrovoc/c_14477
spinach,,,,,vegetables,,,,spinach,Spinach,spinach,vegetables,http://aims.fao.org/aos/agrovoc/c_14508
squash,,,,,vegetables,,,,squash,Squash,squashes,vegetables,http://aims.fao.org/aos/agrovoc/c_37735
star anise,Illicium verum,,,,spices,,,,star_anise,StarAnise,,,
strawberry,,,,,fruits,,,,strawberry,Strawberry,strawberries,fruits,http://aims.fao.org/aos/agrovoc/c_7443
sugar beet,Beta vulgaris,,,root,sugar_crops,,,,sugar_beet,SugarBeet,sugar beet,sugar_crops,http://aims.fao.org/aos/agrovoc/c_7499
sugarcane,Saccharum officinarum,,,stems,sugar_crops,,300000,,sugarcane,Sugarcane,sugar cane,sugar_crops,http://aims.fao.org/aos/agrovoc/c_7501
sumac,,,,,spices,,,,sumac,Sumac,sumac,spices,http://aims.fao.org/aos/agrovoc/c_aa51cda6
sunflecks, Guizotia abyssinica,,,,,,,,sunflecks,Sunflecks,,,
sunflower,Helianthus annuus,,,anuum,oil_crops,,80000,,sunflower,Sunflower,sunflowers,oil_crops,http://aims.fao.org/aos/agrovoc/c_aad037e4
sunn hemp,Crotalaria juncea,,,green manure,fibre_crops,,,,sunn_hemp,SunnHemp,sunn hemp,fibre_crops,http://aims.fao.org/aos/agrovoc/c_7520
sweetpotato,Ipomoea batatas,,,root,vegetables,,100000,,sweetpotato,Sweetpotato,sweet potatoes,vegetables,http://aims.fao.org/aos/agrovoc/c_14729
taioba,,,,,vegetables,,,,taioba,Taioba,taioba,vegetables,http://aims.fao.org/aos/agrovoc/c_331477
tangelo,,,,,fruits,,,,tangelo,Tangelo,tangelos,fruits,http://aims.fao.org/aos/agrovoc/c_7600
tangerine,,,,,fruits,,,,tangerine,Tangerine,tangerines,fruits,http://aims.fao.org/aos/agrovoc/c_7601
tangor,,,,,fruits,,,,tangor,Tangor,tangors,fruits,http://aims.fao.org/aos/agrovoc/c_7602
taro,,,,,root_crops,,,,taro,Taro,taro,root_crops,http://aims.fao.org/aos/agrovoc/c_14791
tarwi,Lupinus mutabilis,chocho,,seed,vegetables,,,,tarwi,Tarwi,,,
tea,,,,leaves,beverage_crops,,,,tea,Tea,tea,beverage_crops,http://aims.fao.org/aos/agrovoc/c_7634
teff,Eragrostis tef,,,seed,cereals,,10000,,teff,Teff,teff,cereals,http://aims.fao.org/aos/agrovoc/c_b2ba9c4c
thyme,,,,,culinary_herbs,,,,thyme,Thyme,thyme,culinary_herbs,http://aims.fao.org/aos/agrovoc/c_14877
tobacco,Nicotiana tabacum,,,leaves; seed,stimulants,,10000,,tobacco,Tobacco,tobacco,stimulants,http://aims.fao.org/aos/agrovoc/c_7796
tomato,Solanum lycopersicum,,,fruit,vegetables,,100000,,tomato,Tomato,tomatoes,vegetables,http://aims.fao.org/aos/agrovoc/c_7805
triticale,×Triticosecale,,,,cereals,,12000,,triticale,Triticale,triticales,cereals,http://aims.fao.org/aos/agrovoc/c_7949
tung tree,,,,,oil_crops,,,,tung_tree,TungTree,tung tree,oil_crops,http://aims.fao.org/aos/agrovoc/c_253
turnip,,,,,root_crops,,,,turnip,Turnip,turnips,root_crops,http://aims.fao.org/aos/agrovoc/c_8019
urd bean,,,,,pulses,,,,urd_bean,UrdBean,urd beans,pulses,http://aims.fao.org/aos/agrovoc/c_8089
vanilla,,,,,spices,,,,vanilla,Vanilla,vanilla,spices,http://aims.fao.org/aos/agrovoc/c_15126
velvet bean,Mucuna pruriens,,,green manure,legumes,,,,velvet_bean,VelvetBean,velvet bean,legumes,http://aims.fao.org/aos/agrovoc/c_4971
vetch,Vicia spp,,,forage,vegetables,,,,vetch,Vetch,vetches,vegetables,http://aims.fao.org/aos/agrovoc/c_8214
walnut,,,,,nuts,,,,walnut,Walnut,walnuts,nuts,http://aims.fao.org/aos/agrovoc/c_15254
watercress,,,,,vegetables,,,,watercress,Watercress,watercress,vegetables,http://aims.fao.org/aos/agrovoc/c_15275
watermelon,,,,,fruits,,,,watermelon,Watermelon,watermelons,fruits,http://aims.fao.org/aos/agrovoc/c_15277
wheat,Triticum aestivum,,,seed,cereals,,19000,,wheat,Wheat,wheat,cereals,http://aims.fao.org/aos/agrovoc/c_8373
white clover,Trifolium repens,,,green manure,green_manures,,,,white_clover,WhiteClover,,,
white currant,,,,,fruits,,,,white_currant,WhiteCurrant,white currants,fruits,http://aims.fao.org/aos/agrovoc/c_8379
white lupin,Lupinus albus,,,seed,vegetables,,,,white_lupin,WhiteLupin,,,
winter melon,,,,,fruits,,,,winter_melon,WinterMelon,winter melons,fruits,http://aims.fao.org/aos/agrovoc/c_acf09bff
yam,Dioscorea cayenensis,,,tuber,vegetables,,60000,,yam,Yam,yams,vegetables,http://aims.fao.org/aos/agrovoc/c_8478
yautia,,,,,vegetables,,,,yautia,Yautia,yautia,vegetables,http://aims.fao.org/aos/agrovoc/c_8460
cereal,spp,,NO,seed,cereals,,,,cereal,Cereal,,,
fiber crop,spp,,NO,stems; leaves,fibre_crops,,,,fiber_crop,FibreCrop,,,
forage legume,spp,,NO,forage,feed_crops,,,,forage_legume,ForageLegume,,,
green manure,spp,,NO,green manure,green_manures,,,,green_manure,GreenManure,,,
legume,spp,,NO,,other,,,,legume,Legume,,,
millet,spp,,NO,grain,cereals,,,,millet,Millet,millets,cereals,http://aims.fao.org/aos/agrovoc/c_4838
pulse,spp,,NO,bean,pulses,,,,pulse,Pulse,,,
root crop,spp,,NO,root,root_crops,,,,root_crop,RootCrop,,,
vegetables,spp,,NO,leaves,vegetables,,,,vegetables,Vegetables,,,
